0,rna.EB31*,"Nigel, son of Joseph, grandson of Geoffrey",48,27,3.1657142857143157,74700.0
1,rna.EB11*,"Madeline, son of Jennifer, grandson of Clayton",54,28,2.857959183673496,74966.0
2,rna.EB47*,"Victor, son of Donald, grandson of Sharon",45,25,2.694693877551046,77055.0
3,rna.EB41*,"Calvin, son of Francesca, grandson of Nichole",50,29,2.5248979591836966,75678.0
4,rna.EB37*,"Violet, son of Spencer, grandson of Dorothy",52,28,2.5738775510204324,75599.0
5,rna.EB14*,"Geoffrey, son of Antoinette, grandson of Walter",50,28,2.5795918367347177,74611.0
6,rna.EB44*,"Theodore, son of Thomas, grandson of Tamsin",50,28,2.569795918367371,74994.0
7,rna.EB4*,"Gregory, son of Walter, grandson of Jeremiah",54,29,2.556734693877575,74808.0
8,rna.EB35*,"Violet, son of Franklin, grandson of Daniel",54,25,2.5869387755102284,75403.0
9,rna.EB7*,"Simon, son of Violet, grandson of Franklin",52,24,2.4661224489796143,74782.0
10,rna.EB39*,"Maria, son of Kristen, grandson of Virginia",54,29,2.44653061224492,75862.0
11,rna.EB35*,"Harold, son of Matthew, grandson of Simon",44,29,2.4865306122449207,75452.0
12,rna.EB38*,"Theodore, son of Janet, grandson of Jeremiah",56,27,2.4612244897959417,74886.0
13,rna.EB46*,"Kenneth, son of Philip, grandson of Nichole",61,25,2.445714285714308,75305.0
14,rna.EB26*,"Theodore, son of Kenneth, grandson of Philip",50,28,2.473469387755125,74937.0
15,rna.EB33*,"Nathaniel, son of Theodore, grandson of Gustav",54,32,2.477551020408186,75772.0
16,rna.EB3*,"Mary, son of Martin, grandson of Helen",57,28,2.4897959183673697,76086.0
17,rna.EB28*,"Bonnie, son of Jeremiah, grandson of Herbert",49,28,2.542040816326554,75397.0
18,rna.EB10*,"Madeline, son of Stephen, grandson of Mary",53,31,2.574693877551044,75891.0
19,rna.EB7*,"Raymond, son of Reginald, grandson of Gerald",51,27,2.592653061224514,74969.0
20,rna.EB30*,"Gregory, son of William, grandson of Alexandra",49,30,2.5420408163265544,75889.0
21,rna.EB19*,"Victor, son of Bridget, grandson of Christine",53,29,2.481632653061248,74629.0
22,rna.EB21*,"Russell, son of Susan, grandson of Tobias",56,31,2.4465306122449197,75420.0
23,rna.EB49*,"Eleanor, son of Geoffrey, grandson of Franklin",54,27,2.471836734693901,75414.0
24,rna.EB9*,"Alan, son of Sharon, grandson of Dominick",54,29,2.382857142857165,75611.0
25,rna.EB10*,"Theodore, son of Theodore, grandson of Alastair",50,27,2.3893877551020624,75062.0
26,rna.EB5*,"Mitchell, son of Kristen, grandson of Percival",57,30,2.611428571428595,75405.0
27,rna.EB3*,"Christine, son of Daniel, grandson of Paula",44,25,2.6130612244898206,74497.0
28,rna.EB17*,"Walter, son of Josephine, grandson of Nathaniel",51,29,2.4130612244898186,75538.0
29,rna.EB26*,"Douglas, son of Violet, grandson of Jessica",57,29,2.5322448979592065,75243.0
30,rna.EB43*,"Dwight, son of Veronica, grandson of Elizabeth",59,29,2.627755102040841,74765.0
31,rna.EB21*,"Joel, son of Michelle, grandson of Douglas",52,28,2.4318367346939005,75679.0
32,rna.EB48*,"Montgomery, son of Joel, grandson of James",50,27,2.3518367346938995,75774.0
33,rna.EB29*,"Seymour, son of Paula, grandson of Ronald",50,29,2.4922448979592065,75648.0
34,rna.EB3*,"Jeremy, son of Andrew, grandson of William",49,31,2.3648979591836947,75696.0
35,rna.EB24*,"Ethel, son of Gustav, grandson of John",50,28,2.3469387755102256,75594.0
36,rna.EB32*,"Henry, son of Joshua, grandson of Virginia",50,27,2.539591836734717,74528.0
37,rna.EB26*,"Montgomery, son of Charles, grandson of Nathaniel",51,28,2.698775510204107,76097.0
38,rna.EB48*,"Jacob, son of Alexandra, grandson of Helen",47,29,2.604897959183697,75575.0
39,rna.EB48*,"Theresa, son of Edmund, grandson of Geoffrey",59,33,2.5575510204081864,76241.0
40,rna.EB8*,"Margaret, son of Spencer, grandson of Roderick",45,30,2.4726530612245132,75847.0
41,rna.EB14*,"Margaret, son of Isabella, grandson of Peter",48,31,2.408979591836757,76173.0
42,rna.EB8*,"Jason, son of Violet, grandson of Cassandra",54,26,2.4375510204081854,75250.0
43,rna.EB22*,"Jeffrey, son of Michael, grandson of Tamara",48,31,2.4506122448979815,76326.0
44,rna.EB36*,"Arnold, son of John, grandson of Kimberly",55,32,2.542040816326554,76353.0
45,rna.EB15*,"Michele, son of Katrina, grandson of Victoria",53,28,2.502040816326554,75978.0
46,rna.EB6*,"Susan, son of Angus, grandson of Alfred",52,30,2.4979591836734922,76310.0
47,rna.EB25*,"Thomas, son of Nathaniel, grandson of Benjamin",66,28,2.4636734693877775,75536.0
48,rna.EB41*,"Alexander, son of Veronica, grandson of Veronica",55,32,2.4995918367347167,76330.0
49,rna.EB19*,"Francesco, son of Jessica, grandson of Veronica",47,30,2.4987755102041045,75370.0
50,rna.EB35*,"Edwin, son of Edward, grandson of Jane",52,29,2.5355102040816564,76051.0
51,rna.EB22*,"Natasha, son of Joseph, grandson of Teresa",54,27,2.494693877551043,75264.0
52,rna.EB49*,"Garfield, son of Lawrence, grandson of Robert",55,30,2.5420408163265535,74702.0
53,rna.EB21*,"Victor, son of Geoffrey, grandson of Dolores",43,25,2.5028571428571667,74852.0
54,rna.EB47*,"Terence, son of Robert, grandson of Augustus",51,27,2.5355102040816564,75656.0
55,rna.EB2*,"Violet, son of Andrew, grandson of David",53,27,2.5485714285714525,74878.0
56,rna.EB27*,"Tamara, son of Jerome, grandson of Gustav",60,29,2.535510204081656,75560.0
57,rna.EB36*,"Madison, son of Trenton, grandson of Valerie",52,28,2.570612244897983,75836.0
58,rna.EB22*,"Patricia, son of Francesco, grandson of Benjamin",46,26,2.54775510204084,75283.0
59,rna.EB34*,"Henry, son of William, grandson of Barbara",53,28,2.577959183673494,76418.0
60,rna.EB43*,"Vincent, son of Terence, grandson of Judith",51,31,2.3975510204081854,75986.0
61,rna.EB26*,"Dorothy, son of Paula, grandson of Henry",46,28,2.389387755102063,75909.0
62,rna.EB29*,"Vincent, son of Ronald, grandson of Eleanor",47,30,2.487346938775533,75053.0
63,rna.EB8*,"Leonard, son of Harold, grandson of Rachel",53,30,2.453061224489819,75613.0
64,rna.EB16*,"Bonnie, son of James, grandson of Robert",45,27,2.418775510204104,75831.0
65,rna.EB10*,"Edward, son of Rebecca, grandson of Zachary",49,28,2.50775510204084,75738.0
66,rna.EB6*,"Victoria, son of Michelle, grandson of Margaret",46,24,2.533877551020431,75703.0
67,rna.EB16*,"Francesco, son of John, grandson of Dominic",48,26,2.593469387755126,75274.0
68,rna.EB24*,"Jerome, son of Raymond, grandson of Elizabeth",59,28,2.4595918367347163,75583.0
69,rna.EB16*,"Raymond, son of Dominick, grandson of Virginia",54,28,2.342857142857165,77681.0
70,rna.EB6*,"Francesca, son of Mathew, grandson of Jerome",48,27,2.5191836734694104,76014.0
71,rna.EB26*,"Theresa, son of Margaret, grandson of Theodore",50,31,2.560000000000024,76167.0
72,rna.EB35*,"Russell, son of Jeffrey, grandson of Augustine",49,28,2.516734693877574,76049.0
73,rna.EB42*,"Victoria, son of Russell, grandson of Dolores",53,28,2.5248979591836966,75541.0
74,rna.EB11*,"Catherine, son of Bonnie, grandson of Janice",55,32,2.4848979591836966,76482.0
75,rna.EB21*,"Bonnie, son of Oliver, grandson of Edward",51,30,2.5216326530612476,75803.0
76,rna.EB49*,"Madison, son of Walter, grandson of Catherine",56,30,2.480000000000023,75686.0
77,rna.EB1*,"Regina, son of Terence, grandson of Harold",52,29,2.4628571428571657,76358.0
78,rna.EB22*,"Janice, son of Christopher, grandson of Alexandra",45,27,2.544489795918391,75799.0
79,rna.EB26*,"Barbara, son of Montmorency, grandson of Janice",50,30,2.47510204081635,75903.0
80,rna.EB22*,"David, son of Thomas, grandson of Vincent",45,28,2.51510204081635,76688.0
81,rna.EB8*,"Anthony, son of Isabella, grandson of Veronica",51,28,2.4514285714285946,76627.0
82,rna.EB21*,"Renee, son of Edward, grandson of Barnaby",47,29,2.5028571428571653,76493.0
83,rna.EB10*,"Catherine, son of Paul, grandson of Edward",49,27,2.4628571428571657,76285.0
84,rna.EB21*,"Nathaniel, son of Barbara, grandson of Jeremy",56,27,2.3975510204081854,76141.0
85,rna.EB24*,"Spencer, son of Virginia, grandson of Alexandra",48,28,2.491428571428594,76310.0
86,rna.EB28*,"Elizabeth, son of Anne, grandson of William",48,28,2.6179591836734937,76424.0
87,rna.EB49*,"Virginia, son of Antoinette, grandson of Geoffrey",52,30,2.54367346938778,76595.0
88,rna.EB15*,"Samuel, son of Roberta, grandson of Richard",49,30,2.4293877551020633,76277.0
89,rna.EB24*,"Beverley, son of Jacob, grandson of Spencer",49,31,2.4914285714285946,76689.0
90,rna.EB27*,"Percival, son of Herbert, grandson of Zachary",48,29,2.5836734693877794,76530.0
91,rna.EB28*,"Susan, son of Renee, grandson of Michael",51,30,2.5436734693877785,76523.0
92,rna.EB49*,"Katrina, son of Spencer, grandson of Louis",55,27,2.4212244897959407,75726.0
93,rna.EB45*,"Natasha, son of Theodore, grandson of Dominic",44,29,2.3836734693877775,75741.0
94,rna.EB43*,"Robert, son of Elizabeth, grandson of Andrew",59,27,2.382857142857165,77964.0
95,rna.EB44*,"Theodore, son of Garfield, grandson of Dominic",49,31,2.3730612244898177,76462.0
96,rna.EB13*,"Joel, son of Dolores, grandson of Garfield",49,30,2.4693877551020633,76214.0
97,rna.EB3*,"Elizabeth, son of Joel, grandson of Dolores",50,27,2.466938775510227,76056.0
98,rna.EB36*,"Helen, son of Leonard, grandson of Francesco",49,28,2.520000000000023,75434.0
99,rna.EB11*,"Nigel, son of Edmund, grandson of Virginia",48,29,2.5224489795918603,76532.0
100,rna.EB12*,"Tamara, son of Simon, grandson of David",55,31,2.5983673469388,76981.0
101,rna.EB4*,"William, son of Simon, grandson of Benjamin",48,27,2.5877551020408407,75997.0
102,rna.EB13*,"Clayton, son of Nichole, grandson of Aloysius",48,29,2.5763265306122687,75897.0
103,rna.EB11*,"Alexandra, son of Kristen, grandson of Harold",47,28,2.625306122449004,76585.0
104,rna.EB12*,"Robert, son of Elizabeth, grandson of Isabella",49,29,2.6416326530612495,76497.0
105,rna.EB48*,"Eleanor, son of William, grandson of William",48,28,2.647346938775535,76412.0
106,rna.EB14*,"Jane, son of Nigel, grandson of Montague",55,31,2.615510204081657,77038.0
107,rna.EB17*,"Samuel, son of Kenneth, grandson of Alfred",51,34,2.528979591836758,77054.0
108,rna.EB29*,"Philippa, son of Violet, grandson of Edwin",52,29,2.5526530612245137,76350.0
109,rna.EB19*,"Paul, son of Seymour, grandson of Daniel",50,28,2.593469387755127,76009.0
110,rna.EB2*,"Emily, son of Michelle, grandson of Raphael",50,27,2.5983673469387996,78546.0
111,rna.EB4*,"Tobias, son of Spencer, grandson of Nathan",50,28,2.538775510204105,76372.0
112,rna.EB18*,"Theresa, son of Isabella, grandson of Emily",62,27,2.57306122448982,76335.0
113,rna.EB20*,"Regina, son of Steven, grandson of John",52,29,2.5412244897959417,76093.0
114,rna.EB32*,"Tamara, son of Gregory, grandson of James",50,29,2.5755102040816564,76778.0
115,rna.EB13*,"Francis, son of Mary, grandson of Peregrine",51,32,2.577959183673493,76556.0
116,rna.EB25*,"Hilary, son of Bridget, grandson of Victor",49,31,2.516734693877575,76668.0
117,rna.EB45*,"Janice, son of Henry, grandson of Bridget",52,29,2.586938775510228,75622.0
118,rna.EB47*,"Henry, son of David, grandson of Victoria",52,29,2.6424489795918618,76215.0
119,rna.EB16*,"Christopher, son of Daniel, grandson of Henry",45,24,2.5844897959183912,76425.0
120,rna.EB35*,"Lucille, son of Francis, grandson of Susan",50,28,2.537959183673493,76277.0
121,rna.EB25*,"Virginia, son of Walter, grandson of Lawrence",55,29,2.509387755102064,76497.0
122,rna.EB31*,"Abraham, son of Abigail, grandson of Pauline",48,28,2.393469387755125,76748.0
123,rna.EB10*,"Steven, son of Nichole, grandson of Teresa",52,29,2.5706122448979825,76826.0
124,rna.EB12*,"Katrina, son of Francesco, grandson of Abraham",50,30,2.6334693877551265,77200.0
125,rna.EB34*,"Dominick, son of Theresa, grandson of Michelle",48,28,2.5820408163265554,76806.0
126,rna.EB37*,"Herbert, son of Dorothy, grandson of Theodore",61,32,2.5363265306122678,77547.0
127,rna.EB19*,"Nathan, son of Antoinette, grandson of Lawrence",46,27,2.5346938775510437,76200.0
128,rna.EB7*,"Alexandra, son of Howard, grandson of Jeremy",45,31,2.5934693877551265,76335.0
129,rna.EB26*,"Augustus, son of Roderick, grandson of Philip",54,31,2.607346938775535,76359.0
130,rna.EB27*,"Pauline, son of Leonardo, grandson of Eugene",60,31,2.4636734693877784,77059.0
131,rna.EB17*,"William, son of Margaret, grandson of Augustus",46,29,2.4277551020408388,77048.0
132,rna.EB45*,"David, son of Elizabeth, grandson of Natasha",56,31,2.401632653061247,77261.0
133,rna.EB1*,"Harold, son of Theodore, grandson of Ellen",50,28,2.498775510204105,77215.0
134,rna.EB9*,"Deborah, son of Lawrence, grandson of Gustav",52,30,2.584489795918391,77141.0
135,rna.EB28*,"William, son of Violet, grandson of Tamara",52,31,2.492244897959208,77179.0
136,rna.EB4*,"Virginia, son of Francesco, grandson of Francis",50,29,2.577142857142881,77078.0
137,rna.EB22*,"Robert, son of Anne, grandson of Peregrine",55,28,2.5983673469388,77119.0
138,rna.EB15*,"Jessica, son of Robert, grandson of Anne",48,27,2.5502040816326765,76671.0
139,rna.EB17*,"Nathan, son of Roderick, grandson of Raymond",52,30,2.3861224489796133,76278.0
140,rna.EB38*,"Tamara, son of Dominick, grandson of Daniel",51,27,2.400000000000022,76163.0
141,rna.EB32*,"Thomas, son of Charles, grandson of Dominick",51,30,2.4530612244898187,76884.0
142,rna.EB38*,"Robert, son of Lucille, grandson of Gregory",54,29,2.5967346938775746,77046.0
143,rna.EB24*,"Victor, son of Jacob, grandson of Edwin",52,27,2.619591836734718,76795.0
144,rna.EB18*,"Thomas, son of Simon, grandson of Alfred",57,29,2.5281632653061465,76547.0
145,rna.EB31*,"Leonardo, son of Francis, grandson of Patricia",49,30,2.461224489795941,76922.0
146,rna.EB14*,"Violet, son of Victoria, grandson of Jennifer",54,31,2.5134693877551255,77348.0
147,rna.EB32*,"Jordan, son of Alfred, grandson of Calvin",55,29,2.640816326530637,76923.0
148,rna.EB5*,"James, son of Andrew, grandson of Jeremy",44,27,2.493061224489819,77188.0
149,rna.EB10*,"Angus, son of Renee, grandson of Douglas",48,26,2.4848979591836957,76147.0
150,rna.EB38*,"Francis, son of David, grandson of Francesca",43,27,2.403265306122471,76957.0
151,rna.EB11*,"Barnaby, son of Judith, grandson of Charles",49,24,2.533877551020432,76615.0
152,rna.EB26*,"Edwin, son of Sarah, grandson of Virginia",48,27,2.5224489795918603,77137.0
153,rna.EB42*,"Michele, son of Edwin, grandson of Sarah",49,28,2.4857142857143093,77240.0
154,rna.EB35*,"David, son of Alfred, grandson of Isabella",53,29,2.4979591836734927,77400.0
155,rna.EB30*,"John, son of Zachary, grandson of Richard",50,28,2.53306122448982,76711.0
156,rna.EB22*,"Beverley, son of Abigail, grandson of Veronica",51,27,2.364081632653084,76479.0
157,rna.EB41*,"Andrew, son of Edwin, grandson of Bonnie",49,25,2.364897959183695,76659.0
158,rna.EB30*,"Tobias, son of Theodore, grandson of Kristen",50,28,2.426938775510227,76723.0
159,rna.EB7*,"William, son of Alfred, grandson of Geoffrey",44,25,2.5077551020408393,77075.0
160,rna.EB48*,"Roderick, son of Matthew, grandson of Jeremy",47,29,2.487346938775534,77184.0
161,rna.EB46*,"Steven, son of Nathan, grandson of Douglas",44,28,2.4604081632653285,76150.0
162,rna.EB10*,"Nigel, son of Tamsin, grandson of Arthur",50,30,2.4628571428571653,77002.0
163,rna.EB43*,"Harold, son of Paul, grandson of Deborah",53,30,2.3926530612245114,77110.0
164,rna.EB0*,"Sharon, son of Albert, grandson of Christopher",57,26,2.4832653061224725,76710.0
165,rna.EB49*,"Thomas, son of Walter, grandson of Harold",49,25,2.5755102040816564,76364.0
166,rna.EB1*,"Mitchell, son of Roderick, grandson of Gerald",50,26,2.487346938775533,76080.0
167,rna.EB1*,"Dorothy, son of Richard, grandson of Pauline",60,28,2.431020408163288,76671.0
168,rna.EB44*,"Gregory, son of Edwin, grandson of Mitchell",56,31,2.4865306122449207,77314.0
169,rna.EB14*,"David, son of William, grandson of Edwin",49,29,2.534693877551044,76993.0
170,rna.EB34*,"Michael, son of Patricia, grandson of Gregory",45,26,2.5469387755102275,76754.0
171,rna.EB30*,"Geoffrey, son of Veronica, grandson of Veronica",51,31,2.5681632653061457,77166.0
172,rna.EB41*,"Montague, son of Sharon, grandson of Percival",46,26,2.520000000000023,76574.0
173,rna.EB31*,"Renee, son of Thomas, grandson of Montgomery",47,27,2.54775510204084,76484.0
174,rna.EB35*,"Edmund, son of Frederick, grandson of Jacob",56,26,2.3771428571428794,76258.0
175,rna.EB2*,"Frederick, son of Veronica, grandson of Jerome",59,29,2.4212244897959407,76949.0
176,rna.EB28*,"Megan, son of Paul, grandson of Terence",52,28,2.503673469387778,77105.0
177,rna.EB16*,"Helen, son of Peter, grandson of Peter",55,31,2.5053061224490025,77022.0
178,rna.EB24*,"Andrew, son of Margaret, grandson of Garfield",51,29,2.5942857142857383,76472.0
179,rna.EB10*,"Jeremiah, son of Francesco, grandson of Adelaida",56,26,2.534693877551044,75780.0
180,rna.EB47*,"Janet, son of Francesca, grandson of Andrew",57,25,2.515918367346962,76734.0
181,rna.EB39*,"Philippa, son of Spencer, grandson of Spencer",59,24,2.564081632653085,75948.0
182,rna.EB33*,"Michael, son of Montmorency, grandson of Jerome",51,27,2.513469387755125,77187.0
183,rna.EB22*,"Gertrude, son of Christopher, grandson of Jacob",50,28,2.492244897959207,77232.0
184,rna.EB29*,"Philip, son of Donald, grandson of Aloysius",53,30,2.5085714285714515,77441.0
185,rna.EB36*,"Christine, son of Priscilla, grandson of Theodore",56,28,2.415510204081655,77727.0
186,rna.EB21*,"Emily, son of Victor, grandson of Theodore",58,30,2.527346938775533,77516.0
187,rna.EB26*,"Charles, son of Ellen, grandson of Nigel",47,29,2.5714285714285956,77926.0
188,rna.EB36*,"Edward, son of Natasha, grandson of Herbert",52,31,2.5216326530612476,77490.0
189,rna.EB16*,"Ronald, son of Abraham, grandson of Douglas",45,29,2.491428571428594,76570.0
190,rna.EB4*,"Gregory, son of Herbert, grandson of Stephen",55,27,2.523265306122473,77568.0
191,rna.EB33*,"Frederick, son of Raphael, grandson of Montgomery",58,29,2.513469387755125,77500.0
192,rna.EB0*,"Jeremiah, son of Alfred, grandson of Nathan",49,26,2.4473469387755338,76101.0
193,rna.EB5*,"John, son of Theresa, grandson of Oliver",47,26,2.389387755102063,76955.0
194,rna.EB12*,"Teresa, son of Percival, grandson of Susan",50,26,2.514285714285737,76997.0
195,rna.EB34*,"Edmund, son of Jacob, grandson of Steven",48,26,2.576326530612269,76555.0
196,rna.EB14*,"Alfred, son of Abigail, grandson of Virginia",50,25,2.581224489795942,76746.0
197,rna.EB26*,"Violet, son of Ronald, grandson of William",56,27,2.52979591836737,76573.0
198,rna.EB22*,"Daniel, son of Sarah, grandson of Alfred",46,25,2.5877551020408402,76823.0
199,rna.EB49*,"Jerome, son of Regina, grandson of Sarah",49,27,2.4889795918367583,76986.0
200,rna.EB7*,"Russell, son of John, grandson of Regina",48,26,2.5028571428571658,77168.0
201,rna.EB6*,"Natasha, son of Hilary, grandson of Jeremiah",48,27,2.637551020408188,77318.0
202,rna.EB18*,"Tamsin, son of Teresa, grandson of Jeremiah",60,30,2.5502040816326774,77426.0
203,rna.EB6*,"Amanda, son of Renee, grandson of Leonardo",51,28,2.4448979591836957,77533.0
204,rna.EB18*,"Henry, son of Sharon, grandson of Edward",57,30,2.482448979591859,77634.0
205,rna.EB47*,"Harold, son of Percival, grandson of Jason",49,29,2.475918367346962,77807.0
206,rna.EB38*,"Charles, son of Aloysius, grandson of Montague",55,30,2.5028571428571658,76940.0
207,rna.EB42*,"Trenton, son of Victor, grandson of Carolyn",46,29,2.541224489795942,77411.0
208,rna.EB9*,"Teresa, son of Margaret, grandson of Ronald",50,29,2.5151020408163496,76599.0
209,rna.EB26*,"Rodney, son of Frederick, grandson of Jerome",53,26,2.5053061224490025,77315.0
210,rna.EB45*,"Valerie, son of Russell, grandson of Madison",50,30,2.488163265306145,77240.0
211,rna.EB12*,"Angus, son of Virginia, grandson of Russell",53,30,2.649795918367372,77339.0
212,rna.EB39*,"Judith, son of Christopher, grandson of Jacob",48,30,2.472653061224513,77423.0
213,rna.EB7*,"Clayton, son of Philip, grandson of Francesca",46,30,2.526530612244921,77523.0
214,rna.EB13*,"Douglas, son of Peregrine, grandson of Aloysius",48,29,2.5240816326530853,77598.0
215,rna.EB37*,"David, son of Paul, grandson of Kenneth",54,32,2.4195918367347167,77705.0
216,rna.EB45*,"Ronald, son of Calvin, grandson of John",52,29,2.481632653061247,77776.0
217,rna.EB47*,"Spencer, son of Michele, grandson of Edwin",58,32,2.472653061224513,77739.0
218,rna.EB21*,"Calvin, son of Bridget, grandson of Ronald",55,31,2.5273469387755334,77613.0
219,rna.EB19*,"Peter, son of Donald, grandson of Edwin",61,32,2.4416326530612475,77109.0
220,rna.EB36*,"Jacob, son of Victoria, grandson of Katrina",49,28,2.4742857142857373,77264.0
221,rna.EB9*,"Arnold, son of Steven, grandson of William",51,25,2.569795918367371,77730.0
222,rna.EB17*,"Thomas, son of Emily, grandson of Michael",50,25,2.5983673469387996,77126.0
223,rna.EB41*,"William, son of Norbert, grandson of Vincent",49,29,2.5673469387755343,77455.0
224,rna.EB2*,"Edmund, son of Jeremy, grandson of Raphael",50,27,2.4824489795918603,76912.0
225,rna.EB1*,"Jennifer, son of William, grandson of Arnold",54,29,2.4016326530612457,76635.0
226,rna.EB18*,"Jordan, son of Simon, grandson of Oliver",70,29,2.3991836734694094,77648.0
227,rna.EB9*,"Stephen, son of Jordan, grandson of Simon",52,26,2.5159183673469623,77328.0
228,rna.EB19*,"Trenton, son of Peter, grandson of Thomas",49,25,2.6008163265306363,77613.0
229,rna.EB4*,"Matthew, son of Tamara, grandson of Leonardo",49,27,2.5910204081632893,77352.0
230,rna.EB9*,"Katrina, son of Thomas, grandson of Montgomery",54,30,2.5616326530612485,77398.0
231,rna.EB26*,"Harold, son of Louis, grandson of Peter",48,28,2.4432653061224716,77702.0
232,rna.EB9*,"Dominick, son of Christopher, grandson of Katrina",49,30,2.5069387755102275,77917.0
233,rna.EB46*,"Catherine, son of Miranda, grandson of Percival",52,30,2.6122448979592074,77618.0
234,rna.EB32*,"Adelaida, son of Rachel, grandson of Jeremy",48,26,2.5648979591836976,76613.0
235,rna.EB30*,"Anne, son of Vincent, grandson of Virginia",58,30,2.6489795918367594,77495.0
236,rna.EB34*,"Sharon, son of Kenneth, grandson of Albert",53,31,2.5640816326530858,78914.0
237,rna.EB41*,"Edwin, son of Kimberly, grandson of Jeremiah",53,29,2.6718367346939025,77759.0
238,rna.EB31*,"Theresa, son of Jeremy, grandson of William",47,27,2.487346938775534,77032.0
239,rna.EB3*,"Douglas, son of Dominic, grandson of Russell",55,28,2.4783673469387986,77456.0
240,rna.EB10*,"Martin, son of Spencer, grandson of Theresa",52,27,2.6065306122449226,77260.0
241,rna.EB39*,"Paul, son of Philippa, grandson of Spencer",46,28,2.647346938775535,77428.0
242,rna.EB4*,"Frederick, son of Veronica, grandson of Samantha",50,28,2.5983673469387996,77892.0
243,rna.EB31*,"Helen, son of Barbara, grandson of Alexandra",55,30,2.5322448979592074,78023.0
244,rna.EB6*,"Jerome, son of Leonard, grandson of Russell",51,27,2.6032653061224726,77083.0
245,rna.EB24*,"Thomas, son of Eugene, grandson of Stephen",51,31,2.5600000000000236,77082.0
246,rna.EB13*,"Ronald, son of Tamsin, grandson of Walter",48,30,2.470204081632676,77833.0
247,rna.EB32*,"Montgomery, son of William, grandson of Trenton",51,31,2.444897959183696,78124.0
248,rna.EB12*,"Michael, son of Roderick, grandson of Patricia",51,28,2.5297959183673706,76971.0
249,rna.EB4*,"Simon, son of Vincent, grandson of Howard",52,30,2.5281632653061457,78220.0
250,rna.EB38*,"Lucille, son of Bonnie, grandson of Theresa",48,29,2.51510204081635,77750.0
251,rna.EB27*,"Edward, son of Miranda, grandson of Bonnie",47,27,2.6081632653061466,77910.0
252,rna.EB1*,"Louis, son of Edward, grandson of Louis",47,29,2.532244897959207,77417.0
253,rna.EB27*,"Peter, son of Louis, grandson of Edward",51,30,2.51510204081635,77467.0
254,rna.EB38*,"Virginia, son of Susan, grandson of Barbara",54,26,2.505306122449003,79887.0
255,rna.EB40*,"Henry, son of Victor, grandson of Alastair",48,30,2.608979591836759,77792.0
256,rna.EB8*,"Benjamin, son of Isabella, grandson of Geoffrey",59,29,2.513469387755125,77523.0
257,rna.EB25*,"Gerald, son of Jeremiah, grandson of Martin",55,28,2.5600000000000236,78068.0
258,rna.EB30*,"Leonard, son of Aloysius, grandson of Dolores",44,26,2.4440816326530843,77977.0
259,rna.EB14*,"Arthur, son of Joel, grandson of Zachary",55,29,2.3314285714285927,77825.0
260,rna.EB29*,"Steven, son of Percival, grandson of Violet",50,31,2.4604081632653294,77972.0
261,rna.EB2*,"Oliver, son of Violet, grandson of Percival",54,28,2.577959183673493,77713.0
262,rna.EB47*,"Victoria, son of Jeffrey, grandson of Alfred",61,31,2.5273469387755343,77487.0
263,rna.EB32*,"Alfred, son of Donald, grandson of Alexander",54,31,2.450612244897982,77842.0
264,rna.EB18*,"Richard, son of Zachary, grandson of Jessica",49,28,2.4979591836734927,78357.0
265,rna.EB11*,"Ellen, son of Bridget, grandson of Edmund",50,29,2.565714285714309,77354.0
266,rna.EB24*,"Kimberly, son of Isabella, grandson of Anthony",56,31,2.5126530612245133,78233.0
267,rna.EB15*,"Jordan, son of Katherine, grandson of Roderick",50,30,2.557551020408187,78182.0
268,rna.EB42*,"Gerald, son of Virginia, grandson of Samuel",52,30,2.4922448979592065,80384.0
269,rna.EB33*,"John, son of Leonard, grandson of Zachary",50,29,2.404897959183695,78101.0
270,rna.EB3*,"Tobias, son of Walter, grandson of Arnold",46,28,2.5077551020408393,77866.0
271,rna.EB15*,"Daniel, son of Tobias, grandson of Walter",47,28,2.4995918367347167,77789.0
272,rna.EB10*,"Andrew, son of Tamsin, grandson of Eleanor",48,25,2.5371428571428805,76622.0
273,rna.EB39*,"Eugene, son of Tamsin, grandson of Priscilla",46,28,2.577959183673494,78046.0
274,rna.EB11*,"Frances, son of Samantha, grandson of Vincent",51,31,2.551836734693901,77988.0
275,rna.EB1*,"Katrina, son of Paul, grandson of Arthur",51,29,2.528163265306146,78483.0
276,rna.EB49*,"Joseph, son of William, grandson of Steven",48,29,2.608979591836759,77438.0
277,rna.EB18*,"Philip, son of Christopher, grandson of Nichola",61,29,2.667755102040841,78175.0
278,rna.EB10*,"Peregrine, son of Amanda, grandson of Christopher",45,29,2.626938775510229,77892.0
279,rna.EB30*,"Daniel, son of Andrew, grandson of Deborah",54,30,2.582040816326555,77971.0
280,rna.EB2*,"Mathew, son of Reginald, grandson of Thomas",48,31,2.561632653061248,78219.0
281,rna.EB45*,"Lawrence, son of Peter, grandson of Virginia",52,29,2.572244897959208,78334.0
282,rna.EB13*,"James, son of Gustav, grandson of Peter",53,32,2.5248979591836975,78283.0
283,rna.EB40*,"Isabella, son of Alfred, grandson of Alastair",50,31,2.524897959183697,78336.0
284,rna.EB44*,"Isabella, son of Nicholas, grandson of Peter",57,30,2.442448979591859,78703.0
285,rna.EB20*,"Terence, son of Martin, grandson of Simon",52,29,2.5771428571428814,78217.0
286,rna.EB25*,"Geoffrey, son of Judith, grandson of Cassandra",56,31,2.525714285714309,78325.0
287,rna.EB7*,"Calvin, son of Geoffrey, grandson of Judith",50,29,2.398367346938798,78146.0
288,rna.EB18*,"Douglas, son of Bonnie, grandson of Kimberly",62,27,2.3453061224490015,77785.0
289,rna.EB9*,"Thomas, son of Valerie, grandson of Thomas",54,28,2.461224489795941,77961.0
290,rna.EB25*,"Nigel, son of William, grandson of Vincent",51,28,2.511020408163289,77628.0
291,rna.EB25*,"Aloysius, son of Jacob, grandson of Calvin",51,27,2.4800000000000226,80137.0
292,rna.EB39*,"Spencer, son of Geoffrey, grandson of Benjamin",47,29,2.484081632653084,77449.0
293,rna.EB40*,"Tamsin, son of Nathan, grandson of Geoffrey",50,30,2.485714285714308,77571.0
294,rna.EB36*,"Emily, son of Michelle, grandson of Margaret",46,30,2.4914285714285946,78598.0
295,rna.EB30*,"Peter, son of Jennifer, grandson of Barbara",46,28,2.5975510204081873,79632.0
296,rna.EB42*,"Theresa, son of Peter, grandson of Jennifer",54,31,2.6897959183673725,76764.0
297,rna.EB25*,"Dolores, son of Arnold, grandson of Angus",51,29,2.578775510204106,77976.0
298,rna.EB45*,"Simon, son of Thomas, grandson of Daniel",49,29,2.5616326530612477,78337.0
299,rna.EB20*,"William, son of Jason, grandson of Thomas",58,30,2.486530612244921,77721.0
300,rna.EB15*,"Aloysius, son of Renee, grandson of Megan",51,29,2.515918367346962,77817.0
301,rna.EB12*,"Isabella, son of Violet, grandson of Tobias",58,28,2.462857142857165,77354.0
302,rna.EB29*,"Josephine, son of Percival, grandson of Violet",61,29,2.5510204081632892,77709.0
303,rna.EB0*,"Steven, son of Lucille, grandson of Franklin",51,29,2.603265306122473,78555.0
304,rna.EB43*,"Nathan, son of Gertrude, grandson of Jane",55,29,2.5902040816326775,78135.0
305,rna.EB36*,"Calvin, son of Geoffrey, grandson of Francesca",50,30,2.5559183673469628,78630.0
306,rna.EB0*,"Henry, son of Vincent, grandson of Zachary",55,30,2.524897959183697,78242.0
307,rna.EB28*,"Tobias, son of John, grandson of Simon",55,31,2.4955102040816555,78122.0
308,rna.EB13*,"Theodore, son of Adelaida, grandson of Abigail",50,28,2.472653061224512,78056.0
309,rna.EB23*,"Janet, son of Alexandra, grandson of Adelaida",43,26,2.493877551020431,78138.0
310,rna.EB32*,"Raphael, son of Arnold, grandson of Lucille",50,26,2.496326530612268,78177.0
311,rna.EB1*,"Ronald, son of William, grandson of William",49,27,2.5257142857143093,77611.0
312,rna.EB28*,"Mitchell, son of Victoria, grandson of Paula",52,30,2.590204081632677,78115.0
313,rna.EB43*,"Albert, son of Janice, grandson of Arnold",49,31,2.6253061224490044,78648.0
314,rna.EB21*,"Dwight, son of Pauline, grandson of Jeremiah",55,27,2.5175510204081863,78255.0
315,rna.EB21*,"Raphael, son of Franklin, grandson of Donald",51,30,2.4938775510204314,78400.0
316,rna.EB17*,"Alfred, son of Raphael, grandson of Franklin",50,29,2.513469387755126,78320.0
317,rna.EB20*,"Jason, son of Deborah, grandson of Nicholas",54,30,2.5559183673469614,78150.0
318,rna.EB36*,"Barnaby, son of Steven, grandson of Kimberly",46,29,2.6416326530612486,78605.0
319,rna.EB23*,"Ronald, son of Christopher, grandson of Anne",50,31,2.510204081632677,78794.0
320,rna.EB33*,"Bonnie, son of Gustav, grandson of Seymour",44,28,2.5281632653061457,78610.0
321,rna.EB34*,"Tamsin, son of Paula, grandson of Leonardo",50,27,2.661224489795943,78688.0
322,rna.EB13*,"Trenton, son of Russell, grandson of Francesco",51,32,2.616326530612269,78381.0
323,rna.EB15*,"Ellen, son of Steven, grandson of Francesco",56,31,2.617959183673494,78277.0
324,rna.EB26*,"Charles, son of Christine, grandson of Alfred",52,26,2.491428571428595,78177.0
325,rna.EB19*,"Joshua, son of Franklin, grandson of Lucille",50,25,2.437551020408186,77714.0
326,rna.EB35*,"Walter, son of Patricia, grandson of Simon",47,27,2.5093877551020642,78673.0
327,rna.EB44*,"Bartholomew, son of Robert, grandson of Alfred",63,31,2.4767346938775736,78859.0
328,rna.EB47*,"Dorothy, son of Katrina, grandson of Robert",52,31,2.4040816326530834,78374.0
329,rna.EB48*,"Veronica, son of Samantha, grandson of Katrina",53,30,2.475102040816349,77815.0
330,rna.EB18*,"Violet, son of Daniel, grandson of Priscilla",54,29,2.58040816326533,80093.0
331,rna.EB4*,"Ronald, son of Charles, grandson of Edwin",50,30,2.6016326530612486,78714.0
332,rna.EB3*,"Tobias, son of Ronald, grandson of Charles",53,28,2.486530612244921,77885.0
333,rna.EB3*,"Seymour, son of Seymour, grandson of Zachary",69,28,2.484081632653085,77808.0
334,rna.EB0*,"Daniel, son of Virginia, grandson of Nicholas",51,30,2.558367346938799,78941.0
335,rna.EB13*,"Edwin, son of Spencer, grandson of Montmorency",45,27,2.498775510204104,79254.0
336,rna.EB19*,"Margaret, son of Mathew, grandson of Theodore",55,32,2.516734693877574,79698.0
337,rna.EB24*,"Victoria, son of Dominic, grandson of Michele",47,29,2.485714285714308,77964.0
338,rna.EB12*,"Katherine, son of Virginia, grandson of Elaine",55,28,2.5608163265306363,77314.0
339,rna.EB29*,"Thomas, son of Walter, grandson of Virginia",56,28,2.630204081632678,79133.0
340,rna.EB9*,"Alfred, son of Steven, grandson of Christine",47,28,2.612244897959208,77974.0
341,rna.EB49*,"Thomas, son of Rodney, grandson of Dorothy",48,29,2.621224489795943,78752.0
342,rna.EB40*,"Edwin, son of Susan, grandson of Joel",49,28,2.550204081632677,78445.0
343,rna.EB39*,"Gustav, son of Trenton, grandson of Teresa",54,28,2.630204081632678,80065.0
344,rna.EB7*,"Isabella, son of Joshua, grandson of Susan",48,28,2.6048979591836976,79058.0
345,rna.EB15*,"Stephen, son of Dorothy, grandson of Stephen",56,30,2.5191836734694113,80001.0
346,rna.EB28*,"Maria, son of Violet, grandson of Samantha",45,29,2.5004081632653294,80009.0
347,rna.EB18*,"Thomas, son of Stephen, grandson of Michele",53,30,2.5167346938775745,79336.0
348,rna.EB47*,"Leonard, son of Andrew, grandson of Elizabeth",56,31,2.5795918367347173,79800.0
349,rna.EB36*,"Steven, son of Theodore, grandson of Oliver",53,31,2.6359183673469637,80455.0
350,rna.EB23*,"Judith, son of Matthew, grandson of Tobias",48,30,2.471020408163288,79754.0
351,rna.EB31*,"Nicholas, son of Seymour, grandson of Andrew",49,28,2.4138775510204296,80135.0
352,rna.EB2*,"Mathew, son of Edward, grandson of Judith",52,28,2.4816326530612476,79880.0
353,rna.EB32*,"Helen, son of Steven, grandson of Edwin",49,28,2.5167346938775745,80280.0
354,rna.EB44*,"Joshua, son of Helen, grandson of Steven",49,28,2.5093877551020642,80013.0
355,rna.EB24*,"Franklin, son of Victoria, grandson of Douglas",48,27,2.5363265306122678,80086.0
356,rna.EB10*,"Jessica, son of Renee, grandson of Pauline",47,28,2.4114285714285937,80160.0
357,rna.EB20*,"Priscilla, son of Christine, grandson of Tobias",53,31,2.428571428571451,79987.0
358,rna.EB40*,"Violet, son of Alexander, grandson of Jason",53,26,2.392653061224512,80228.0
359,rna.EB44*,"Theodore, son of Victoria, grandson of Stephen",55,28,2.492244897959207,79894.0
360,rna.EB23*,"David, son of Edward, grandson of Theodore",45,26,2.5306122448979833,79840.0
361,rna.EB45*,"Aloysius, son of Steven, grandson of Rachel",54,30,2.502857142857166,80292.0
362,rna.EB21*,"Terence, son of Reginald, grandson of Jane",50,29,2.5363265306122686,80169.0
363,rna.EB9*,"Antoinette, son of Leonardo, grandson of Seymour",58,29,2.5093877551020642,80799.0
364,rna.EB44*,"Amanda, son of Michelle, grandson of Rachel",45,25,2.5404081632653295,81834.0
365,rna.EB21*,"Sharon, son of Theodore, grandson of Adelaida",51,28,2.616326530612269,79361.0
366,rna.EB0*,"Bonnie, son of Aloysius, grandson of Nicholas",47,27,2.492244897959207,79971.0
367,rna.EB40*,"Joseph, son of Hilary, grandson of Montmorency",54,27,2.454693877551043,79524.0
368,rna.EB31*,"Benjamin, son of Dorothy, grandson of Montgomery",54,28,2.533061224489819,80189.0
369,rna.EB0*,"Philippa, son of Elizabeth, grandson of Martin",46,28,2.4881632653061465,80085.0
370,rna.EB47*,"Kenneth, son of Susan, grandson of Raphael",46,30,2.468571428571451,79265.0
371,rna.EB27*,"Angus, son of Francesca, grandson of Edmund",50,31,2.5175510204081863,78302.0
372,rna.EB39*,"Nichole, son of Arthur, grandson of Abraham",49,30,2.4759183673469614,79652.0
373,rna.EB1*,"Jeremiah, son of Megan, grandson of Christopher",50,31,2.4693877551020638,81794.0
374,rna.EB26*,"Deborah, son of Edwin, grandson of Abraham",56,28,2.5779591836734927,79816.0
375,rna.EB30*,"Antoinette, son of Edward, grandson of Valerie",52,26,2.6693877551020653,82870.0
376,rna.EB33*,"Calvin, son of Regina, grandson of Deborah",49,30,2.6016326530612486,82829.0
377,rna.EB45*,"Roderick, son of Thomas, grandson of Zachary",49,29,2.5493877551020647,82050.0
378,rna.EB18*,"Abigail, son of Roberta, grandson of Andrew",49,24,2.5273469387755334,82968.0
379,rna.EB3*,"Samantha, son of Mary, grandson of Aloysius",56,30,2.4604081632653294,82747.0
380,rna.EB34*,"Victoria, son of Katherine, grandson of Montmorency",49,29,2.4832653061224716,81222.0
381,rna.EB21*,"Antoinette, son of Edwin, grandson of Zachary",54,30,2.476734693877574,84066.0
382,rna.EB39*,"Norbert, son of Emily, grandson of Virginia",48,27,2.506938775510227,80577.0
383,rna.EB40*,"Jeremiah, son of Paul, grandson of Alfred",54,32,2.484897959183696,82291.0
384,rna.EB38*,"Lawrence, son of David, grandson of Leonardo",49,31,2.494693877551043,83590.0
385,rna.EB11*,"Mary, son of Emily, grandson of Isabella",49,32,2.532244897959207,83585.0
386,rna.EB20*,"Barnaby, son of Christine, grandson of Virginia",50,29,2.551836734693901,83765.0
387,rna.EB42*,"Patricia, son of Terence, grandson of Judith",43,29,2.476734693877575,83772.0
388,rna.EB20*,"Raphael, son of David, grandson of Cassandra",53,28,2.4538775510204314,83339.0
389,rna.EB37*,"Donald, son of Jason, grandson of Amanda",50,26,2.4808163265306353,82411.0
390,rna.EB27*,"Charles, son of Donald, grandson of Jason",55,28,2.588571428571453,82806.0
391,rna.EB15*,"Peter, son of Francis, grandson of Barbara",55,25,2.6097959183673707,84958.0
392,rna.EB27*,"Kristen, son of Veronica, grandson of Maria",46,29,2.622040816326555,82623.0
393,rna.EB42*,"Nathaniel, son of Joshua, grandson of Tobias",51,28,2.5567346938775746,83056.0
394,rna.EB47*,"Trenton, son of Nathaniel, grandson of David",44,26,2.572244897959207,83194.0
395,rna.EB44*,"Margaret, son of Mitchell, grandson of Tamsin",55,29,2.577142857142881,83115.0
396,rna.EB49*,"Alexander, son of Madison, grandson of Calvin",44,26,2.445714285714309,82407.0
397,rna.EB6*,"Raphael, son of Andrew, grandson of Clayton",49,28,2.3853061224490015,83000.0
398,rna.EB21*,"Alastair, son of Nathaniel, grandson of Andrew",54,28,2.547755102040839,83293.0
399,rna.EB26*,"Theodore, son of Megan, grandson of Theodore",55,25,2.581224489795942,81513.0
400,rna.EB26*,"Edmund, son of Miranda, grandson of William",50,28,2.589387755102065,82180.0
401,rna.EB27*,"Daniel, son of Joseph, grandson of Eugene",48,27,2.5600000000000236,81772.0
402,rna.EB31*,"Deborah, son of Alastair, grandson of Calvin",54,29,2.616326530612269,84873.0
403,rna.EB27*,"Samantha, son of Trenton, grandson of Kimberly",47,27,2.520816326530636,82794.0
404,rna.EB0*,"Regina, son of Arthur, grandson of Steven",41,26,2.5787755102041054,82711.0
405,rna.EB6*,"Peter, son of Rodney, grandson of Spencer",46,31,2.438367346938798,83385.0
406,rna.EB8*,"Martin, son of Leonard, grandson of Geoffrey",53,31,2.3771428571428794,82720.0
407,rna.EB26*,"Alexandra, son of Raymond, grandson of Robert",50,29,2.362448979591859,82972.0
408,rna.EB23*,"Madison, son of Trenton, grandson of Jason",48,28,2.4440816326530834,83390.0
409,rna.EB34*,"Robert, son of Thomas, grandson of Pauline",46,29,2.5551020408163496,85443.0
410,rna.EB21*,"Gregory, son of Daniel, grandson of Elizabeth",52,28,2.525714285714309,83482.0
411,rna.EB22*,"Lucille, son of William, grandson of Geoffrey",51,29,2.560000000000024,82208.0
412,rna.EB47*,"Violet, son of Albert, grandson of Geoffrey",44,29,2.5077551020408393,80474.0
413,rna.EB33*,"Gregory, son of Barnaby, grandson of Virginia",48,25,2.475102040816349,80043.0
414,rna.EB38*,"Catherine, son of Dorothy, grandson of Charles",51,30,2.545306122449004,80148.0
415,rna.EB37*,"Albert, son of Reginald, grandson of Augustine",51,28,2.6048979591836976,79229.0
416,rna.EB13*,"Victoria, son of Rodney, grandson of Priscilla",48,29,2.555102040816351,80448.0
417,rna.EB32*,"Nathaniel, son of Victoria, grandson of Rodney",49,31,2.534693877551044,80071.0
418,rna.EB18*,"Madison, son of Montague, grandson of Kimberly",56,29,2.5346938775510437,80903.0
419,rna.EB18*,"Katherine, son of Francesco, grandson of William",50,29,2.5624489795918604,80569.0
420,rna.EB47*,"Miranda, son of Terence, grandson of Trenton",50,27,2.3942857142857368,82377.0
421,rna.EB3*,"Amanda, son of Gerald, grandson of Alastair",45,28,2.465306122449002,80779.0
422,rna.EB47*,"Natasha, son of Geoffrey, grandson of Harold",51,29,2.5126530612245133,80447.0
423,rna.EB21*,"Howard, son of Thomas, grandson of Geoffrey",48,27,2.513469387755126,80596.0
424,rna.EB9*,"Howard, son of Samantha, grandson of Thomas",51,30,2.4906122448979824,81542.0
425,rna.EB32*,"Jessica, son of Howard, grandson of Samantha",54,29,2.466938775510227,80088.0
426,rna.EB24*,"Spencer, son of Steven, grandson of Dorothy",51,29,2.4995918367347176,80321.0
427,rna.EB5*,"Valerie, son of Amanda, grandson of Adelaida",48,28,2.5395918367347172,80250.0
428,rna.EB41*,"Arthur, son of Stephen, grandson of Ellen",55,29,2.513469387755125,80604.0
429,rna.EB40*,"Victor, son of Alan, grandson of Arthur",47,30,2.519183673469411,79707.0
430,rna.EB38*,"Andrew, son of Victor, grandson of Alan",49,28,2.509387755102064,81235.0
431,rna.EB44*,"Eleanor, son of Philip, grandson of Francesca",43,28,2.4367346938775736,81744.0
432,rna.EB36*,"Samuel, son of Alan, grandson of Edmund",50,28,2.503673469387778,81085.0
433,rna.EB34*,"Montague, son of Theodore, grandson of Virginia",52,28,2.5126530612245133,80329.0
434,rna.EB45*,"Dorothy, son of Alfred, grandson of Victor",48,28,2.5355102040816564,80824.0
435,rna.EB42*,"Thomas, son of Bartholomew, grandson of Joseph",47,27,2.5714285714285956,80213.0
436,rna.EB24*,"Gerald, son of Michele, grandson of Francis",52,30,2.3804081632653284,80576.0
437,rna.EB48*,"Anne, son of Montmorency, grandson of Katrina",62,27,2.3951020408163486,80854.0
438,rna.EB19*,"Alan, son of Catherine, grandson of Victoria",48,28,2.5624489795918604,80669.0
439,rna.EB24*,"Seymour, son of Trenton, grandson of Zachary",52,25,2.6734693877551274,80204.0
440,rna.EB5*,"Sarah, son of Donald, grandson of Jerome",52,26,2.5044897959183907,80581.0
441,rna.EB22*,"Kristen, son of Veronica, grandson of Francesco",46,25,2.528979591836758,79760.0
442,rna.EB20*,"Natasha, son of Jennifer, grandson of Vincent",53,27,2.6555102040816565,79593.0
443,rna.EB39*,"Montgomery, son of Isabella, grandson of Matthew",46,24,2.680000000000025,80051.0
444,rna.EB3*,"Anne, son of Jeremy, grandson of Dolores",49,27,2.6497959183673725,80396.0
445,rna.EB17*,"Percival, son of Victor, grandson of Alexandra",48,28,2.5224489795918603,80943.0
446,rna.EB6*,"Lucille, son of Victor, grandson of Victor",52,28,2.5942857142857383,81329.0
447,rna.EB17*,"Tamara, son of Reginald, grandson of Kenneth",50,27,2.6334693877551265,80883.0
448,rna.EB31*,"Eugene, son of Victoria, grandson of Miranda",46,26,2.6293877551020657,81238.0
449,rna.EB42*,"Ellen, son of Terence, grandson of Miranda",49,26,2.6538775510204324,80514.0
450,rna.EB49*,"Jason, son of Walter, grandson of Virginia",56,27,2.6742857142857392,81363.0
451,rna.EB7*,"Daniel, son of Victor, grandson of Alexandra",53,29,2.58040816326533,80277.0
452,rna.EB43*,"Thomas, son of Jeremy, grandson of Helen",49,30,2.5322448979592074,81728.0
453,rna.EB38*,"Jessica, son of Bridget, grandson of Violet",45,27,2.6106122448979834,80892.0
454,rna.EB25*,"Tobias, son of Theresa, grandson of Alfred",45,24,2.5763265306122687,79718.0
455,rna.EB43*,"Dolores, son of Herbert, grandson of Jordan",50,32,2.577142857142881,80066.0
456,rna.EB11*,"Steven, son of Montmorency, grandson of Edwin",51,28,2.5338775510204314,80369.0
457,rna.EB44*,"Benjamin, son of Arthur, grandson of Patricia",48,27,2.519183673469411,80323.0
458,rna.EB38*,"Augustus, son of Virginia, grandson of Dorothy",53,26,2.5934693877551265,80332.0
459,rna.EB24*,"Barnaby, son of Mathew, grandson of Thomas",47,25,2.553469387755126,80895.0
460,rna.EB19*,"Nathaniel, son of Raphael, grandson of Philip",45,28,2.5118367346939006,80810.0
461,rna.EB23*,"Trenton, son of Jerome, grandson of Amanda",56,28,2.4955102040816555,80783.0
462,rna.EB7*,"Virginia, son of Mitchell, grandson of Charles",54,29,2.563265306122472,80527.0
463,rna.EB17*,"Abigail, son of Kenneth, grandson of Virginia",50,28,2.5893877551020643,80549.0
464,rna.EB22*,"Franklin, son of Dwight, grandson of Kimberly",49,26,2.582040816326555,80349.0
465,rna.EB20*,"Antoinette, son of Alan, grandson of Victor",49,27,2.589387755102065,79704.0
466,rna.EB47*,"Oliver, son of Geoffrey, grandson of Mitchell",39,24,2.544489795918391,80251.0
467,rna.EB7*,"Alastair, son of Edward, grandson of Elizabeth",49,27,2.528163265306146,80765.0
468,rna.EB16*,"Beverley, son of Margaret, grandson of Rachel",48,26,2.4195918367347167,80216.0
469,rna.EB16*,"Victoria, son of Natasha, grandson of Elizabeth",47,25,2.583673469387779,80489.0
470,rna.EB24*,"Bonnie, son of Pauline, grandson of David",50,27,2.4693877551020638,80652.0
471,rna.EB27*,"Frances, son of Elizabeth, grandson of Francesca",48,25,2.3942857142857368,80599.0
472,rna.EB16*,"Steven, son of John, grandson of Alfred",49,25,2.551020408163289,80744.0
473,rna.EB25*,"Katherine, son of Douglas, grandson of Michelle",46,28,2.4457142857143084,80422.0
474,rna.EB48*,"Valerie, son of Renee, grandson of Abraham",49,28,2.3600000000000216,83278.0
475,rna.EB17*,"Terence, son of Spencer, grandson of Franklin",47,23,2.4963265306122677,80177.0
476,rna.EB42*,"Jordan, son of Theodore, grandson of Nicholas",51,24,2.5044897959183903,79384.0
477,rna.EB23*,"Geoffrey, son of Veronica, grandson of Peregrine",53,27,2.5746938775510446,80641.0
478,rna.EB3*,"Joseph, son of Jennifer, grandson of Seymour",49,29,2.4677551020408393,80108.0
479,rna.EB27*,"Nathaniel, son of Jeremy, grandson of Angus",49,27,2.518367346938799,80642.0
480,rna.EB45*,"Henry, son of Albert, grandson of Nigel",45,26,2.4465306122449206,80809.0
481,rna.EB27*,"Natasha, son of Barnaby, grandson of Paula",50,28,2.4955102040816555,80840.0
482,rna.EB12*,"Beverley, son of Violet, grandson of Kimberly",48,26,2.5624489795918612,80465.0
483,rna.EB18*,"Jeffrey, son of Geoffrey, grandson of Edward",50,27,2.697959183673494,80787.0
484,rna.EB39*,"Gerald, son of Peter, grandson of Montmorency",51,26,2.6122448979592083,79476.0
485,rna.EB4*,"Alexandra, son of Sarah, grandson of Theodore",54,26,2.5771428571428814,80522.0
486,rna.EB9*,"Renee, son of Matthew, grandson of Vincent",46,28,2.5763265306122687,80867.0
487,rna.EB1*,"Jane, son of Madeline, grandson of Theodore",44,27,2.5420408163265544,80468.0
488,rna.EB25*,"Victoria, son of Sarah, grandson of Adelaida",52,26,2.516734693877574,80327.0
489,rna.EB5*,"Michele, son of Victoria, grandson of Sarah",48,28,2.506122448979615,80759.0
490,rna.EB27*,"Josephine, son of Francis, grandson of Elizabeth",53,29,2.4489795918367574,77570.0
491,rna.EB41*,"Dominic, son of Barnaby, grandson of Raymond",46,27,2.596734693877574,81418.0
492,rna.EB33*,"Paula, son of Stephen, grandson of Theodore",52,29,2.560816326530636,81188.0
493,rna.EB3*,"Michael, son of Donald, grandson of Russell",48,27,2.5657142857143094,81225.0
494,rna.EB40*,"Peter, son of Isabella, grandson of Aloysius",49,28,2.515918367346962,81527.0
495,rna.EB19*,"Eleanor, son of Garfield, grandson of Roberta",55,34,2.459591836734717,81321.0
496,rna.EB10*,"Megan, son of Montague, grandson of Margaret",61,30,2.4318367346939,80870.0
497,rna.EB9*,"Virginia, son of Janice, grandson of Gerald",42,27,2.468571428571451,81143.0
498,rna.EB9*,"Robert, son of Gustav, grandson of Francesca",47,29,2.452244897959207,81224.0
499,rna.EB13*,"Virginia, son of Nichole, grandson of Gustav",51,25,2.4195918367347162,80844.0
500,rna.EB31*,"Hilary, son of Lawrence, grandson of Richard",51,28,2.4416326530612475,81508.0
501,rna.EB25*,"Daniel, son of Norbert, grandson of Theodore",50,26,2.478367346938798,81202.0
502,rna.EB14*,"Theodore, son of Violet, grandson of John",54,26,2.6138775510204324,80698.0
503,rna.EB48*,"William, son of Theodore, grandson of Margaret",52,27,2.5706122448979833,81400.0
504,rna.EB1*,"Frances, son of Calvin, grandson of Tamara",51,30,2.513469387755126,81757.0
505,rna.EB4*,"Terence, son of Helen, grandson of Charles",50,28,2.4971428571428795,81406.0
506,rna.EB34*,"Dorothy, son of Jason, grandson of Bonnie",56,28,2.517551020408187,81072.0
507,rna.EB43*,"Theresa, son of Joseph, grandson of Dolores",53,30,2.456326530612268,81284.0
508,rna.EB41*,"Elizabeth, son of Edmund, grandson of Susan",58,31,2.418775510204104,80834.0
509,rna.EB16*,"Spencer, son of Janet, grandson of Elizabeth",54,31,2.5028571428571658,81634.0
510,rna.EB13*,"Mary, son of Thomas, grandson of Janet",54,31,2.6106122448979834,81925.0
511,rna.EB47*,"Trenton, son of Ethel, grandson of Francis",51,29,2.6114285714285956,80302.0
512,rna.EB12*,"Veronica, son of Augustus, grandson of Theodore",55,30,2.6408163265306364,81503.0
513,rna.EB18*,"Alfred, son of Stephen, grandson of Trenton",58,30,2.6097959183673716,81116.0
514,rna.EB46*,"Theodore, son of Bridget, grandson of Spencer",56,28,2.5959183673469632,81352.0
515,rna.EB26*,"Michelle, son of Francesco, grandson of Montmorency",51,28,2.5689795918367584,81158.0
516,rna.EB41*,"Edwin, son of Katrina, grandson of Edwin",58,31,2.5151020408163505,81571.0
517,rna.EB48*,"Edward, son of Jeffrey, grandson of Margaret",54,30,2.440000000000022,81872.0
518,rna.EB14*,"Margaret, son of Ellen, grandson of Charles",48,28,2.5036734693877785,81619.0
519,rna.EB22*,"Madeline, son of Robert, grandson of Ellen",51,28,2.476734693877574,81499.0
520,rna.EB3*,"Kenneth, son of Clayton, grandson of Susan",47,26,2.5102040816326765,81142.0
521,rna.EB39*,"Abigail, son of Teresa, grandson of Kenneth",46,26,2.5502040816326774,81386.0
522,rna.EB45*,"Alfred, son of Daniel, grandson of Samuel",43,28,2.3959183673469613,80341.0
523,rna.EB20*,"Ellen, son of Judith, grandson of Kenneth",54,27,2.399183673469409,81491.0
524,rna.EB9*,"Philippa, son of Norbert, grandson of Edmund",54,26,2.5395918367347172,81090.0
525,rna.EB11*,"Jane, son of Elizabeth, grandson of Alfred",51,27,2.511836734693901,81516.0
526,rna.EB3*,"Oliver, son of Victoria, grandson of Oliver",50,26,2.4914285714285946,81397.0
527,rna.EB21*,"Simon, son of Judith, grandson of Virginia",57,28,2.5306122448979824,81793.0
528,rna.EB42*,"Barnaby, son of Stephen, grandson of Theodore",47,26,2.6179591836734937,82035.0
529,rna.EB37*,"Ethel, son of Norbert, grandson of Stephen",49,29,2.5444897959183908,81750.0
530,rna.EB43*,"Edmund, son of Howard, grandson of Jessica",55,26,2.564897959183697,81551.0
531,rna.EB17*,"Andrew, son of Michael, grandson of Gertrude",52,28,2.5730612244898197,81390.0
532,rna.EB47*,"Jordan, son of Charles, grandson of Stephen",50,29,2.461224489795941,81084.0
533,rna.EB14*,"Nathan, son of Zachary, grandson of Victor",56,31,2.479183673469411,81473.0
534,rna.EB29*,"Jason, son of Lucille, grandson of Jordan",45,28,2.5257142857143084,81761.0
535,rna.EB11*,"Teresa, son of Jason, grandson of Lucille",49,28,2.5175510204081872,82492.0
536,rna.EB28*,"Sarah, son of Vincent, grandson of Ronald",53,30,2.407346938775533,82319.0
537,rna.EB34*,"Jeremiah, son of Teresa, grandson of Benjamin",58,29,2.4783673469387986,81929.0
538,rna.EB15*,"Priscilla, son of Violet, grandson of Tamsin",53,26,2.556734693877575,81400.0
539,rna.EB24*,"Kristen, son of Adelaida, grandson of William",56,27,2.599183673469412,82105.0
540,rna.EB18*,"Ellen, son of Barnaby, grandson of Benjamin",49,27,2.4946938775510437,80593.0
541,rna.EB31*,"Jordan, son of Alastair, grandson of Richard",43,23,2.5779591836734936,81453.0
542,rna.EB29*,"Jennifer, son of Eugene, grandson of Terence",49,28,2.5730612244898197,81587.0
543,rna.EB43*,"Jane, son of Benjamin, grandson of Calvin",47,30,2.4506122448979815,82576.0
544,rna.EB41*,"Patricia, son of Nigel, grandson of Anne",49,27,2.3551020408163486,81800.0
545,rna.EB21*,"Ronald, son of Reginald, grandson of Patricia",54,32,2.4089795918367574,81912.0
546,rna.EB20*,"Trenton, son of Sharon, grandson of Jane",58,29,2.4351020408163486,81279.0
547,rna.EB24*,"Charles, son of Abraham, grandson of Terence",51,30,2.485714285714309,81180.0
548,rna.EB5*,"Violet, son of Isabella, grandson of Peter",56,31,2.4244897959183893,81839.0
549,rna.EB36*,"Rachel, son of Montmorency, grandson of Charles",49,31,2.407346938775533,82850.0
550,rna.EB23*,"Augustine, son of Amanda, grandson of Violet",53,29,2.356734693877573,81274.0
551,rna.EB17*,"Roberta, son of Alexander, grandson of Aloysius",46,26,2.446530612244921,81878.0
552,rna.EB42*,"Seymour, son of Roberta, grandson of Alexander",55,28,2.444897959183697,80776.0
553,rna.EB17*,"Raymond, son of Philippa, grandson of Emily",49,29,2.54775510204084,82479.0
554,rna.EB28*,"Madeline, son of Charles, grandson of Philippa",46,29,2.5616326530612485,79176.0
555,rna.EB19*,"Virginia, son of Seymour, grandson of Ellen",48,29,2.6122448979592083,80048.0
556,rna.EB36*,"Clayton, son of Tobias, grandson of Charles",48,28,2.5600000000000236,81106.0
557,rna.EB33*,"Violet, son of Theresa, grandson of Edward",50,28,2.513469387755125,80717.0
558,rna.EB18*,"Garfield, son of Virginia, grandson of Bonnie",57,28,2.4889795918367574,81198.0
559,rna.EB27*,"Dominic, son of Tamara, grandson of Trenton",45,28,2.5004081632653286,82105.0
560,rna.EB28*,"Renee, son of Alexander, grandson of Priscilla",48,26,2.5518367346939015,81632.0
561,rna.EB30*,"Josephine, son of Trenton, grandson of Elizabeth",48,28,2.5208163265306354,81297.0
562,rna.EB42*,"Sharon, son of Jerome, grandson of Trenton",55,26,2.5077551020408393,80713.0
563,rna.EB5*,"Montague, son of Judith, grandson of Lawrence",48,29,2.509387755102064,81154.0
564,rna.EB18*,"Anthony, son of Walter, grandson of Barbara",56,27,2.533061224489819,81575.0
565,rna.EB39*,"Samuel, son of Augustus, grandson of Jeremiah",58,31,2.599183673469412,81731.0
566,rna.EB11*,"Kenneth, son of Francis, grandson of Katherine",57,26,2.6824489795918627,80813.0
567,rna.EB46*,"Virginia, son of David, grandson of Carolyn",44,28,2.4808163265306353,81344.0
568,rna.EB0*,"Tamsin, son of Lucille, grandson of Anne",55,33,2.514285714285737,80684.0
569,rna.EB28*,"Arthur, son of Ellen, grandson of Adelaida",51,30,2.5665306122449216,82376.0
570,rna.EB40*,"Emily, son of Elaine, grandson of Violet",53,31,2.4546938775510427,81489.0
571,rna.EB22*,"Teresa, son of Jeremy, grandson of Mary",54,28,2.4995918367347176,82189.0
572,rna.EB46*,"Terence, son of Charles, grandson of Beverley",51,27,2.5551020408163505,81758.0
573,rna.EB49*,"Bridget, son of Steven, grandson of Andrew",51,26,2.4685714285714515,82128.0
574,rna.EB5*,"Tamara, son of Dominic, grandson of John",49,28,2.457959183673492,82469.0
575,rna.EB46*,"Stephen, son of Jeremy, grandson of Francesca",50,27,2.450612244897982,82451.0
576,rna.EB3*,"Spencer, son of Emily, grandson of Mary",55,28,2.5542857142857383,81191.0
577,rna.EB9*,"William, son of Victor, grandson of Eugene",62,31,2.5297959183673706,82368.0
578,rna.EB31*,"Jerome, son of Miranda, grandson of Victor",49,27,2.5616326530612485,81594.0
579,rna.EB31*,"Jason, son of Tobias, grandson of Carolyn",50,29,2.4955102040816564,81342.0
580,rna.EB11*,"Christine, son of Tamsin, grandson of Peter",58,30,2.487346938775533,82022.0
581,rna.EB43*,"Jeremiah, son of Jason, grandson of Paul",54,31,2.4114285714285937,82518.0
582,rna.EB39*,"Madison, son of Lawrence, grandson of Percival",50,28,2.4163265306122663,82068.0
583,rna.EB12*,"Violet, son of Jane, grandson of Mathew",49,29,2.4653061224490025,81894.0
584,rna.EB49*,"Violet, son of Veronica, grandson of Dolores",49,28,2.5395918367347172,81992.0
585,rna.EB3*,"David, son of Jordan, grandson of Nathan",52,29,2.5828571428571663,82276.0
586,rna.EB45*,"Dominic, son of Violet, grandson of Aloysius",56,29,2.5697959183673706,82282.0
587,rna.EB49*,"Antoinette, son of Benjamin, grandson of Mitchell",54,30,2.4930612244898187,81754.0
588,rna.EB16*,"Catherine, son of Harold, grandson of Jennifer",50,31,2.412244897959206,82606.0
589,rna.EB18*,"Theodore, son of Roderick, grandson of Douglas",50,27,2.4138775510204296,81705.0
590,rna.EB20*,"Teresa, son of Philip, grandson of Edmund",47,25,2.370612244897982,81389.0
591,rna.EB3*,"Peregrine, son of Alexandra, grandson of Elizabeth",46,28,2.486530612244921,81913.0
592,rna.EB27*,"Amanda, son of Jennifer, grandson of Madison",50,29,2.5200000000000236,81803.0
593,rna.EB0*,"Augustine, son of Susan, grandson of Peter",48,29,2.4718367346939,81640.0
594,rna.EB45*,"Oliver, son of Donald, grandson of Albert",53,26,2.5567346938775746,81517.0
595,rna.EB45*,"Josephine, son of Theodore, grandson of Gerald",53,27,2.58040816326533,81341.0
596,rna.EB41*,"Beverley, son of Jessica, grandson of Virginia",48,27,2.592653061224514,81895.0
597,rna.EB40*,"William, son of Regina, grandson of Helen",52,29,2.4726530612245132,81323.0
598,rna.EB18*,"Nicholas, son of Nichole, grandson of Dorothy",50,29,2.410612244897981,82039.0
599,rna.EB37*,"Jeremy, son of William, grandson of Martin",44,29,2.463673469387778,81768.0
600,rna.EB36*,"Joshua, son of Daniel, grandson of William",48,31,2.476734693877574,81864.0
601,rna.EB45*,"Edward, son of Tobias, grandson of Daniel",44,25,2.4359183673469618,81998.0
602,rna.EB18*,"Howard, son of Regina, grandson of Aloysius",49,28,2.459591836734717,81622.0
603,rna.EB32*,"Francesca, son of Seymour, grandson of Alfred",48,27,2.506938775510227,81794.0
604,rna.EB27*,"Dorothy, son of Francesco, grandson of Elizabeth",53,30,2.590204081632677,82292.0
605,rna.EB14*,"Kenneth, son of Virginia, grandson of Francesco",54,27,2.520000000000024,82132.0
606,rna.EB22*,"Zachary, son of James, grandson of Veronica",49,29,2.4628571428571666,82395.0
607,rna.EB15*,"Jessica, son of Simon, grandson of Judith",56,30,2.4106122448979805,81380.0
608,rna.EB2*,"Michael, son of Alexandra, grandson of Raymond",55,27,2.465306122449002,82107.0
609,rna.EB13*,"Joshua, son of Walter, grandson of Eleanor",55,27,2.4702040816326765,82042.0
610,rna.EB34*,"Alastair, son of Deborah, grandson of Veronica",50,31,2.5216326530612485,82675.0
611,rna.EB47*,"Robert, son of Gertrude, grandson of Virginia",50,28,2.5142857142857373,82733.0
612,rna.EB22*,"Douglas, son of Donald, grandson of Virginia",48,25,2.473469387755125,82083.0
613,rna.EB49*,"Susan, son of Kristen, grandson of Miranda",55,30,2.436734693877573,82871.0
614,rna.EB34*,"Adelaida, son of Anthony, grandson of Dominick",58,30,2.4644897959183902,84036.0
615,rna.EB35*,"Maria, son of Edmund, grandson of Bridget",58,32,2.483265306122472,82846.0
616,rna.EB22*,"Lawrence, son of Montague, grandson of Jeremy",52,29,2.3518367346938995,81878.0
617,rna.EB5*,"Barnaby, son of Vincent, grandson of Mary",53,30,2.3926530612245123,81934.0
618,rna.EB35*,"Abraham, son of Simon, grandson of Leonard",51,27,2.4938775510204314,82168.0
619,rna.EB34*,"Geoffrey, son of Raymond, grandson of Bonnie",54,24,2.5910204081632893,82521.0
620,rna.EB9*,"Mary, son of Dorothy, grandson of Leonard",56,21,2.606530612244922,81822.0
621,rna.EB8*,"Teresa, son of Edward, grandson of Montmorency",46,28,2.568163265306146,82284.0
622,rna.EB30*,"Albert, son of Montgomery, grandson of Geoffrey",49,27,2.353469387755124,82240.0
623,rna.EB4*,"Bartholomew, son of Arthur, grandson of Veronica",46,26,2.4595918367347163,82155.0
624,rna.EB18*,"Mary, son of Bartholomew, grandson of Arthur",48,27,2.6146938775510447,81185.0
625,rna.EB46*,"Martin, son of Arnold, grandson of Thomas",49,23,2.544489795918391,81748.0
626,rna.EB8*,"Abigail, son of Lawrence, grandson of Pauline",48,23,2.591836734693902,81011.0
627,rna.EB41*,"Gustav, son of Renee, grandson of Henry",48,25,2.5600000000000236,81590.0
628,rna.EB4*,"Alfred, son of Katrina, grandson of Beverley",43,22,2.413877551020431,81621.0
629,rna.EB41*,"Aloysius, son of Andrew, grandson of Veronica",45,25,2.46448979591839,81963.0
630,rna.EB12*,"Joel, son of Tamara, grandson of Francesco",51,26,2.486530612244921,82514.0
631,rna.EB21*,"Gregory, son of Megan, grandson of Dominic",56,27,2.4881632653061456,82002.0
632,rna.EB2*,"Renee, son of Gregory, grandson of Megan",59,24,2.480000000000023,81785.0
633,rna.EB7*,"Catherine, son of Garfield, grandson of Alexandra",47,27,2.591836734693901,81901.0
634,rna.EB17*,"Richard, son of William, grandson of Victoria",47,27,2.4710204081632883,82738.0
635,rna.EB43*,"Vincent, son of Aloysius, grandson of Katrina",54,26,2.448979591836758,82350.0
636,rna.EB21*,"Thomas, son of Benjamin, grandson of Thomas",44,27,2.3942857142857368,82336.0
637,rna.EB26*,"Cassandra, son of Violet, grandson of Alan",51,28,2.542040816326554,81986.0
638,rna.EB11*,"Edwin, son of Edward, grandson of Mitchell",63,28,2.508571428571453,82416.0
639,rna.EB28*,"Nichole, son of Matthew, grandson of Geoffrey",49,25,2.5053061224490034,82441.0
640,rna.EB42*,"Donald, son of Francesco, grandson of Nichole",51,28,2.471020408163288,82427.0
641,rna.EB33*,"Carolyn, son of Alan, grandson of Daniel",52,25,2.4775510204081868,81848.0
642,rna.EB17*,"Edward, son of Percival, grandson of Montmorency",43,23,2.5665306122449225,82059.0
643,rna.EB19*,"Roderick, son of Lucille, grandson of Susan",47,28,2.6179591836734937,82583.0
644,rna.EB1*,"Alan, son of Alexander, grandson of Alexandra",54,29,2.5714285714285956,81953.0
645,rna.EB8*,"Alfred, son of Tamara, grandson of James",59,27,2.6138775510204324,82766.0
646,rna.EB19*,"Teresa, son of Victoria, grandson of Aloysius",45,27,2.6416326530612495,82852.0
647,rna.EB8*,"Tobias, son of Spencer, grandson of Alfred",42,23,2.5102040816326756,82319.0
648,rna.EB37*,"Priscilla, son of Geoffrey, grandson of Violet",48,31,2.3395918367347157,83507.0
649,rna.EB5*,"Francesco, son of Howard, grandson of Herbert",54,29,2.558367346938799,82903.0
650,rna.EB6*,"Vincent, son of Janet, grandson of Alastair",46,25,2.636734693877576,82633.0
651,rna.EB18*,"Nathaniel, son of Renee, grandson of Arnold",53,30,2.620408163265331,83304.0
652,rna.EB41*,"Susan, son of Paula, grandson of Edward",50,26,2.4946938775510437,82337.0
653,rna.EB6*,"Victoria, son of Thomas, grandson of Stephen",50,27,2.571428571428595,82272.0
654,rna.EB47*,"Bridget, son of Nathan, grandson of Gertrude",60,30,2.6391836734694123,82778.0
655,rna.EB11*,"Katherine, son of Vincent, grandson of Leonardo",59,28,2.480000000000024,82069.0
656,rna.EB21*,"Peter, son of William, grandson of Spencer",47,23,2.537142857142881,81421.0
657,rna.EB22*,"Eugene, son of Steven, grandson of Theodore",48,27,2.498775510204105,82749.0
658,rna.EB1*,"Roderick, son of Stephen, grandson of John",50,27,2.480000000000023,82452.0
659,rna.EB41*,"Donald, son of Virginia, grandson of Kenneth",53,28,2.598367346938799,82660.0
660,rna.EB5*,"Raphael, son of Theodore, grandson of Valerie",49,29,2.5681632653061466,83071.0
661,rna.EB39*,"Regina, son of Peregrine, grandson of Christopher",45,29,2.568163265306146,82851.0
662,rna.EB41*,"Margaret, son of Pauline, grandson of Veronica",49,28,2.6195918367347177,83228.0
663,rna.EB2*,"Ronald, son of Rachel, grandson of Edwin",48,30,2.54775510204084,83048.0
664,rna.EB25*,"Margaret, son of Philippa, grandson of Rachel",52,27,2.576326530612269,82810.0
665,rna.EB22*,"Elizabeth, son of Andrew, grandson of Edwin",57,30,2.5028571428571653,82401.0
666,rna.EB7*,"Joseph, son of Abigail, grandson of William",50,27,2.4865306122449207,83164.0
667,rna.EB44*,"Gregory, son of Paul, grandson of Alexander",51,24,2.3902040816326755,82529.0
668,rna.EB28*,"Zachary, son of Geoffrey, grandson of Gerald",45,25,2.450612244897982,81785.0
669,rna.EB33*,"Victoria, son of Martin, grandson of Zachary",52,29,2.4963265306122673,83336.0
670,rna.EB22*,"Eugene, son of Gerald, grandson of Jeffrey",54,30,2.4840816326530843,83008.0
671,rna.EB47*,"Natasha, son of William, grandson of James",49,26,2.4873469387755343,82972.0
672,rna.EB17*,"Alfred, son of Edmund, grandson of Rodney",52,30,2.5142857142857378,83240.0
673,rna.EB27*,"Augustus, son of Theresa, grandson of Valerie",49,30,2.532244897959208,83065.0
674,rna.EB5*,"Garfield, son of Jeffrey, grandson of Vincent",48,27,2.542857142857167,82711.0
675,rna.EB10*,"Philippa, son of Tamara, grandson of Renee",56,30,2.521632653061247,82933.0
676,rna.EB3*,"Megan, son of Lawrence, grandson of Howard",51,27,2.5314285714285947,82528.0
677,rna.EB42*,"Garfield, son of Adelaida, grandson of Theresa",47,27,2.4326530612245123,82981.0
678,rna.EB21*,"Thomas, son of Priscilla, grandson of Trenton",52,29,2.43918367346941,82362.0
679,rna.EB3*,"Edmund, son of Raphael, grandson of Clayton",50,29,2.459591836734717,83633.0
680,rna.EB47*,"Rebecca, son of David, grandson of Virginia",48,29,2.4816326530612476,82745.0
681,rna.EB12*,"Nigel, son of Walter, grandson of Christine",55,30,2.586938775510228,82824.0
682,rna.EB5*,"Theodore, son of Donald, grandson of Helen",49,28,2.5379591836734927,83034.0
683,rna.EB8*,"James, son of Rebecca, grandson of Tobias",49,26,2.5044897959183903,82739.0
684,rna.EB19*,"Edmund, son of Kenneth, grandson of Kenneth",54,24,2.5216326530612476,82300.0
685,rna.EB20*,"Pauline, son of Alfred, grandson of Dominic",52,27,2.532244897959207,82985.0
686,rna.EB43*,"Tamara, son of Madison, grandson of Alfred",52,30,2.5134693877551255,82357.0
687,rna.EB48*,"Nathaniel, son of Rodney, grandson of Joel",56,29,2.408163265306145,82207.0
688,rna.EB38*,"Victor, son of Beverley, grandson of Vincent",56,27,2.4408163265306353,82987.0
689,rna.EB11*,"Margaret, son of Stephen, grandson of Virginia",54,25,2.5493877551020643,82295.0
690,rna.EB11*,"John, son of Margaret, grandson of Stephen",50,28,2.651428571428596,82453.0
691,rna.EB0*,"Martin, son of Jeremiah, grandson of Ethel",49,27,2.577959183673493,82147.0
692,rna.EB28*,"Louis, son of Simon, grandson of Zachary",51,29,2.5289795918367592,82121.0
693,rna.EB6*,"Simon, son of Simon, grandson of Howard",50,24,2.489795918367369,81222.0
694,rna.EB42*,"Lawrence, son of Edward, grandson of Louis",52,30,2.457142857142881,82423.0
695,rna.EB2*,"Samantha, son of Calvin, grandson of Thomas",58,28,2.4097959183673696,82061.0
696,rna.EB26*,"Natasha, son of Arthur, grandson of Renee",49,27,2.6228571428571668,81721.0
697,rna.EB17*,"Theodore, son of Lawrence, grandson of Montague",53,31,2.624489795918392,82534.0
698,rna.EB40*,"Dorothy, son of Montague, grandson of Joel",47,30,2.5183673469387986,81909.0
699,rna.EB16*,"Anne, son of Margaret, grandson of Joshua",56,31,2.396734693877573,82152.0
700,rna.EB7*,"Thomas, son of Anne, grandson of Margaret",53,30,2.3991836734694103,82851.0
701,rna.EB23*,"Deborah, son of Peter, grandson of Seymour",51,28,2.5093877551020642,83564.0
702,rna.EB0*,"Abigail, son of Clayton, grandson of Roderick",46,27,2.5346938775510437,83567.0
703,rna.EB24*,"Emily, son of Walter, grandson of Jeremy",49,28,2.54040816326533,82866.0
704,rna.EB17*,"Francis, son of Norbert, grandson of Franklin",62,30,2.502040816326554,83006.0
705,rna.EB43*,"Albert, son of Simon, grandson of Judith",54,30,2.465306122449002,82880.0
706,rna.EB6*,"Michael, son of Donald, grandson of Nigel",56,28,2.3379591836734908,83174.0
707,rna.EB12*,"Jennifer, son of Geoffrey, grandson of Jordan",60,32,2.4253061224490016,83351.0
708,rna.EB35*,"Miranda, son of Theodore, grandson of Peregrine",56,35,2.5036734693877776,83623.0
709,rna.EB49*,"Eleanor, son of Dominic, grandson of Jennifer",50,31,2.5828571428571676,83140.0
710,rna.EB0*,"Philip, son of Jerome, grandson of Peter",55,29,2.6489795918367594,82759.0
711,rna.EB43*,"Roberta, son of Carolyn, grandson of Judith",49,31,2.601632653061249,83306.0
712,rna.EB41*,"Bonnie, son of Teresa, grandson of Nicholas",50,31,2.46448979591839,82252.0
713,rna.EB22*,"Montague, son of Terence, grandson of Nicholas",55,32,2.542857142857167,82829.0
714,rna.EB25*,"Clayton, son of Bridget, grandson of Virginia",55,28,2.5885714285714525,84800.0
715,rna.EB11*,"Beverley, son of Virginia, grandson of Raphael",51,28,2.608163265306146,86346.0
716,rna.EB19*,"Hilary, son of Raymond, grandson of Virginia",51,29,2.4057142857143083,86182.0
717,rna.EB5*,"Joel, son of Andrew, grandson of Lawrence",52,25,2.4326530612245123,82323.0
718,rna.EB0*,"Sarah, son of Veronica, grandson of Percival",56,29,2.4644897959183902,82502.0
719,rna.EB11*,"William, son of Christine, grandson of Joel",53,26,2.3730612244898186,82474.0
720,rna.EB19*,"Megan, son of Violet, grandson of Simon",50,28,2.404897959183696,82995.0
721,rna.EB0*,"Alfred, son of Susan, grandson of Peter",57,29,2.520816326530636,82624.0
722,rna.EB6*,"Nigel, son of Pauline, grandson of Theodore",48,28,2.6138775510204324,82722.0
723,rna.EB10*,"Samuel, son of Nicholas, grandson of Alfred",53,29,2.647346938775535,83497.0
724,rna.EB29*,"Stephen, son of Beverley, grandson of Walter",47,31,2.586938775510228,84058.0
725,rna.EB37*,"Isabella, son of Zachary, grandson of Carolyn",48,31,2.5861224489796153,82704.0
726,rna.EB7*,"Theodore, son of Madeline, grandson of Barnaby",49,27,2.609795918367371,83564.0
727,rna.EB31*,"Kristen, son of Alexander, grandson of Catherine",47,31,2.554285714285738,83468.0
728,rna.EB48*,"William, son of Peregrine, grandson of Abigail",54,29,2.4310204081632873,83107.0
729,rna.EB40*,"Lucille, son of Trenton, grandson of Howard",53,31,2.4195918367347162,82611.0
730,rna.EB37*,"Victoria, son of Leonardo, grandson of Miranda",54,32,2.5689795918367593,83754.0
731,rna.EB25*,"Jeremiah, son of Alfred, grandson of Lawrence",52,29,2.3885714285714506,84044.0
732,rna.EB21*,"Harold, son of Terence, grandson of Daniel",54,30,2.3036734693877765,85346.0
733,rna.EB44*,"Violet, son of Janice, grandson of Leonard",54,28,2.5028571428571658,84783.0
734,rna.EB18*,"Andrew, son of Tamara, grandson of Jordan",50,28,2.418775510204104,84331.0
735,rna.EB17*,"Susan, son of Calvin, grandson of John",48,31,2.375510204081655,83940.0
736,rna.EB35*,"Edmund, son of Susan, grandson of Calvin",53,30,2.400000000000022,84103.0
737,rna.EB6*,"Barbara, son of Nicholas, grandson of Judith",54,29,2.491428571428594,82350.0
738,rna.EB11*,"Abraham, son of Miranda, grandson of John",48,25,2.48979591836737,81066.0
739,rna.EB38*,"Abigail, son of Jeffrey, grandson of Barnaby",51,28,2.473469387755125,81352.0
740,rna.EB34*,"Joel, son of Mitchell, grandson of Pauline",49,29,2.5453061224490034,81381.0
741,rna.EB37*,"Jessica, son of Edmund, grandson of Edwin",63,30,2.5926530612245138,81197.0
742,rna.EB5*,"Regina, son of Miranda, grandson of Raphael",54,27,2.4400000000000226,81495.0
743,rna.EB39*,"Richard, son of Edmund, grandson of Oliver",52,31,2.5224489795918603,82060.0
744,rna.EB34*,"Francesca, son of Arthur, grandson of Regina",51,29,2.4930612244898183,81371.0
745,rna.EB26*,"Theodore, son of William, grandson of Nigel",50,28,2.570612244897983,80503.0
746,rna.EB10*,"Zachary, son of Francis, grandson of Gertrude",51,28,2.614693877551045,81305.0
747,rna.EB48*,"Spencer, son of Howard, grandson of Jeremy",55,29,2.599183673469412,81562.0
748,rna.EB28*,"Barnaby, son of Kenneth, grandson of Veronica",51,30,2.667755102040841,82054.0
749,rna.EB12*,"Peter, son of Sarah, grandson of Terence",53,27,2.5338775510204323,81632.0
750,rna.EB28*,"Adelaida, son of Nathaniel, grandson of Montague",54,27,2.443265306122472,83459.0
751,rna.EB6*,"Anthony, son of Steven, grandson of Arnold",49,28,2.5518367346939006,82147.0
752,rna.EB22*,"Francesca, son of Montmorency, grandson of Paula",49,29,2.533877551020431,82773.0
753,rna.EB48*,"Tamara, son of Margaret, grandson of Aloysius",54,29,2.4342857142857373,82778.0
754,rna.EB10*,"Theresa, son of Virginia, grandson of Herbert",56,30,2.4114285714285937,82748.0
755,rna.EB26*,"William, son of Theresa, grandson of Virginia",54,27,2.3812244897959403,82739.0
756,rna.EB20*,"Stephen, son of Mitchell, grandson of Eleanor",47,27,2.4718367346939005,83951.0
757,rna.EB0*,"Bonnie, son of Elizabeth, grandson of Veronica",46,29,2.5820408163265545,82193.0
758,rna.EB24*,"Herbert, son of Beverley, grandson of David",49,31,2.472653061224513,83269.0
759,rna.EB48*,"Maria, son of Trenton, grandson of Joshua",50,30,2.528979591836758,83215.0
760,rna.EB33*,"Hilary, son of Stephen, grandson of Herbert",50,25,2.502857142857166,83315.0
761,rna.EB15*,"Bonnie, son of Susan, grandson of Theodore",56,28,2.516734693877574,82814.0
762,rna.EB24*,"Bonnie, son of Jason, grandson of Susan",51,30,2.56979591836737,85827.0
763,rna.EB41*,"Michele, son of Veronica, grandson of Nichole",56,26,2.5991836734694123,82758.0
764,rna.EB34*,"Alfred, son of Andrew, grandson of Veronica",56,28,2.551836734693901,82982.0
765,rna.EB42*,"Kimberly, son of Norbert, grandson of Andrew",48,27,2.5134693877551255,82537.0
766,rna.EB27*,"Adelaida, son of Sharon, grandson of Michael",53,27,2.5583673469387995,82377.0
767,rna.EB18*,"Jeremiah, son of Frederick, grandson of Kimberly",49,26,2.5346938775510437,82285.0
768,rna.EB4*,"Valerie, son of Jeremy, grandson of Jeremiah",51,29,2.4824489795918603,83050.0
769,rna.EB24*,"Veronica, son of Margaret, grandson of Ellen",58,29,2.454693877551043,84059.0
770,rna.EB34*,"Calvin, son of Virginia, grandson of Charles",53,29,2.5902040816326775,83840.0
771,rna.EB20*,"Edward, son of Amanda, grandson of Veronica",45,26,2.6261224489796167,84239.0
772,rna.EB31*,"Virginia, son of Jeffrey, grandson of Edmund",53,25,2.5861224489796157,83538.0
773,rna.EB16*,"Benjamin, son of Francesco, grandson of Edward",54,27,2.6661224489796167,83749.0
774,rna.EB23*,"Victor, son of Jeremy, grandson of Norbert",51,29,2.5861224489796157,83483.0
775,rna.EB17*,"Peter, son of Montgomery, grandson of Christine",47,31,2.4897959183673697,83768.0
776,rna.EB8*,"Madison, son of Nathaniel, grandson of Montgomery",45,28,2.4367346938775736,83351.0
777,rna.EB25*,"Spencer, son of Edmund, grandson of Tamsin",49,31,2.4840816326530843,83434.0
778,rna.EB35*,"Barnaby, son of Maria, grandson of Trenton",55,29,2.4008163265306344,83197.0
779,rna.EB34*,"Victoria, son of Victor, grandson of William",51,30,2.408163265306145,84431.0
780,rna.EB0*,"Tamara, son of Arnold, grandson of Teresa",47,28,2.5795918367347177,83484.0
781,rna.EB32*,"Frederick, son of Daniel, grandson of Andrew",58,27,2.6008163265306368,83078.0
782,rna.EB31*,"Carolyn, son of Angus, grandson of Andrew",49,26,2.4783673469387986,83271.0
783,rna.EB8*,"Richard, son of Patricia, grandson of William",46,24,2.6400000000000245,82456.0
784,rna.EB10*,"Mathew, son of John, grandson of Victoria",53,24,2.6628571428571677,82892.0
785,rna.EB42*,"Teresa, son of Margaret, grandson of Douglas",44,26,2.5453061224490034,84005.0
786,rna.EB4*,"Peter, son of Anthony, grandson of James",42,27,2.5673469387755343,85381.0
787,rna.EB26*,"Virginia, son of Natasha, grandson of Janice",50,31,2.6865306122449235,84392.0
788,rna.EB35*,"Tobias, son of Virginia, grandson of Natasha",47,31,2.536326530612268,83233.0
789,rna.EB23*,"Lawrence, son of Geoffrey, grandson of Virginia",52,29,2.521632653061247,85345.0
790,rna.EB32*,"Beverley, son of Martin, grandson of Angus",52,27,2.537142857142881,82963.0
791,rna.EB18*,"Percival, son of Alfred, grandson of Seymour",55,28,2.5151020408163496,83737.0
792,rna.EB46*,"William, son of Martin, grandson of Alan",47,30,2.506122448979615,83852.0
793,rna.EB31*,"Louis, son of Gerald, grandson of Janet",50,29,2.558367346938799,84613.0
794,rna.EB48*,"Lucille, son of Geoffrey, grandson of William",54,32,2.5379591836734923,84395.0
795,rna.EB1*,"Tobias, son of Abigail, grandson of Margaret",50,32,2.50040816326533,83806.0
796,rna.EB39*,"Deborah, son of Veronica, grandson of Francesca",50,29,2.439183673469411,83254.0
797,rna.EB16*,"Zachary, son of Virginia, grandson of Nicholas",53,30,2.5412244897959417,82748.0
798,rna.EB33*,"Rodney, son of Elizabeth, grandson of Virginia",48,29,2.5787755102041054,82496.0
799,rna.EB27*,"Oliver, son of Elaine, grandson of Janet",47,28,2.568163265306146,82226.0
800,rna.EB4*,"David, son of Matthew, grandson of Virginia",49,30,2.477551020408187,82756.0
801,rna.EB22*,"Natasha, son of Jeremy, grandson of Oliver",52,26,2.516734693877575,82017.0
802,rna.EB25*,"Andrew, son of Tamara, grandson of Victoria",52,27,2.4448979591836957,81566.0
803,rna.EB46*,"Richard, son of Geoffrey, grandson of Richard",58,26,2.472653061224512,81558.0
804,rna.EB0*,"Janet, son of Violet, grandson of Leonardo",48,26,2.487346938775533,82844.0
805,rna.EB35*,"Ethel, son of Antoinette, grandson of Rodney",49,25,2.558367346938799,85856.0
806,rna.EB20*,"Percival, son of Veronica, grandson of Michele",50,27,2.544489795918391,86411.0
807,rna.EB0*,"Michelle, son of Leonardo, grandson of Priscilla",49,29,2.5240816326530844,86213.0
808,rna.EB31*,"Janice, son of Matthew, grandson of Kimberly",49,28,2.5191836734694117,85930.0
809,rna.EB31*,"Gustav, son of Benjamin, grandson of Ellen",55,27,2.5036734693877785,85518.0
810,rna.EB13*,"Ronald, son of Margaret, grandson of Virginia",52,27,2.4995918367347176,86197.0
811,rna.EB36*,"Geoffrey, son of Augustus, grandson of Antoinette",45,28,2.537959183673493,86411.0
812,rna.EB23*,"Valerie, son of Alan, grandson of Patricia",51,31,2.4734693877551255,86278.0
813,rna.EB1*,"Gustav, son of Russell, grandson of Simon",47,28,2.494693877551043,87245.0
814,rna.EB13*,"Katherine, son of Madison, grandson of Valerie",51,28,2.568163265306146,85291.0
815,rna.EB42*,"Tamsin, son of Katrina, grandson of Victor",44,21,2.5689795918367584,86376.0
816,rna.EB33*,"William, son of Tamsin, grandson of Katrina",50,27,2.62367346938778,86262.0
817,rna.EB44*,"Peregrine, son of Miranda, grandson of Victor",49,32,2.653061224489821,83757.0
818,rna.EB32*,"Joel, son of Edward, grandson of Regina",51,28,2.5722448979592083,84367.0
819,rna.EB3*,"Harold, son of Jason, grandson of Rachel",51,28,2.563265306122473,84052.0
820,rna.EB3*,"Jeremiah, son of Andrew, grandson of Sharon",46,30,2.524081632653085,85434.0
821,rna.EB13*,"Virginia, son of Jeremiah, grandson of Andrew",50,30,2.526530612244921,83422.0
822,rna.EB37*,"Jeffrey, son of Kenneth, grandson of Steven",46,29,2.5412244897959417,82967.0
823,rna.EB47*,"Dominic, son of Theodore, grandson of Richard",48,31,2.5738775510204315,83834.0
824,rna.EB46*,"Ellen, son of Edward, grandson of Margaret",55,29,2.5020408163265535,83516.0
825,rna.EB3*,"Terence, son of Sarah, grandson of Gregory",59,29,2.572244897959208,81980.0
826,rna.EB42*,"Mathew, son of Terence, grandson of Sarah",49,28,2.4057142857143083,81984.0
827,rna.EB17*,"Rebecca, son of Joshua, grandson of Richard",50,29,2.4824489795918594,83439.0
828,rna.EB3*,"Emily, son of Barnaby, grandson of Jacob",54,26,2.575510204081657,81666.0
829,rna.EB33*,"Harold, son of Jennifer, grandson of Daniel",46,28,2.5322448979592074,81983.0
830,rna.EB26*,"Natasha, son of Dorothy, grandson of Susan",47,27,2.5681632653061466,82263.0
831,rna.EB23*,"Nigel, son of Bridget, grandson of Albert",49,29,2.585306122449004,85056.0
832,rna.EB5*,"William, son of Veronica, grandson of Bridget",49,29,2.5836734693877794,82683.0
833,rna.EB46*,"Garfield, son of Roderick, grandson of Stephen",45,28,2.508571428571452,82812.0
834,rna.EB22*,"Nathaniel, son of Douglas, grandson of David",54,26,2.5600000000000236,82333.0
835,rna.EB3*,"Andrew, son of Tobias, grandson of Gregory",49,26,2.6318367346939024,82762.0
836,rna.EB22*,"Arthur, son of Peter, grandson of Gustav",47,26,2.523265306122472,82514.0
837,rna.EB9*,"Matthew, son of David, grandson of Peter",48,27,2.5559183673469623,82490.0
838,rna.EB44*,"Dolores, son of Christine, grandson of Cassandra",51,25,2.508571428571452,81783.0
839,rna.EB29*,"Nathan, son of Raymond, grandson of Edward",51,31,2.4718367346939,82321.0
840,rna.EB14*,"Edmund, son of Francesco, grandson of Spencer",59,28,2.5861224489796157,81805.0
841,rna.EB16*,"Geoffrey, son of Edmund, grandson of Francesco",52,27,2.6212244897959427,82451.0
842,rna.EB42*,"Virginia, son of Stephen, grandson of Beverley",52,29,2.5665306122449216,82759.0
843,rna.EB0*,"Henry, son of Martin, grandson of Garfield",54,28,2.5240816326530844,83199.0
844,rna.EB44*,"Margaret, son of Sarah, grandson of Dominic",48,28,2.4000000000000226,83170.0
845,rna.EB26*,"Matthew, son of Madison, grandson of Abigail",54,27,2.461224489795941,82481.0
846,rna.EB23*,"Victoria, son of Edward, grandson of Norbert",44,26,2.5844897959183903,82046.0
847,rna.EB32*,"Teresa, son of Paul, grandson of Robert",49,28,2.567346938775534,82835.0
848,rna.EB10*,"John, son of Howard, grandson of Calvin",48,28,2.525714285714309,84374.0
849,rna.EB39*,"John, son of Regina, grandson of Bartholomew",55,26,2.5208163265306367,82036.0
850,rna.EB10*,"Robert, son of John, grandson of Regina",50,25,2.480816326530635,82148.0
851,rna.EB1*,"Anthony, son of Dorothy, grandson of Philippa",51,25,2.5200000000000227,82055.0
852,rna.EB19*,"Joseph, son of Priscilla, grandson of Janet",49,29,2.506122448979615,83297.0
853,rna.EB0*,"Rodney, son of Martin, grandson of Jessica",48,25,2.5044897959183907,83071.0
854,rna.EB33*,"Rodney, son of Alfred, grandson of Kenneth",48,25,2.4595918367347163,82501.0
855,rna.EB1*,"Henry, son of Dominick, grandson of Trenton",51,26,2.4351020408163495,82281.0
856,rna.EB7*,"Raphael, son of Simon, grandson of Dwight",49,23,2.488163265306145,82814.0
857,rna.EB12*,"Peregrine, son of Raphael, grandson of Simon",58,28,2.54775510204084,82264.0
858,rna.EB18*,"Peter, son of Edwin, grandson of Nichole",51,27,2.4318367346938996,83186.0
859,rna.EB11*,"Edmund, son of Walter, grandson of Anthony",45,26,2.4269387755102265,82857.0
860,rna.EB35*,"Emily, son of Rebecca, grandson of Clayton",53,28,2.52244897959186,83125.0
861,rna.EB7*,"Mary, son of Michelle, grandson of Dorothy",51,30,2.4783673469387986,83223.0
862,rna.EB37*,"Charles, son of Bonnie, grandson of Vincent",50,27,2.4212244897959407,82730.0
863,rna.EB15*,"Victoria, son of Victoria, grandson of Samantha",45,27,2.579591836734718,82769.0
864,rna.EB46*,"Kimberly, son of Robert, grandson of Renee",47,27,2.666938775510229,82025.0
865,rna.EB41*,"Paul, son of Kimberly, grandson of Robert",52,30,2.637551020408188,83028.0
866,rna.EB2*,"Daniel, son of Simon, grandson of Edward",48,29,2.4702040816326756,83132.0
867,rna.EB34*,"Anthony, son of Virginia, grandson of Andrew",51,30,2.494693877551043,82617.0
868,rna.EB26*,"Montmorency, son of Samantha, grandson of Veronica",47,27,2.4440816326530843,82642.0
869,rna.EB32*,"Ellen, son of Ellen, grandson of Elizabeth",49,24,2.4114285714285946,82976.0
870,rna.EB41*,"Theodore, son of Edward, grandson of Anthony",46,29,2.5069387755102275,83026.0
871,rna.EB46*,"Tobias, son of Thomas, grandson of Rachel",45,30,2.4473469387755333,83554.0
872,rna.EB24*,"Stephen, son of Judith, grandson of Philippa",49,27,2.4857142857143084,83070.0
873,rna.EB38*,"Simon, son of Susan, grandson of Spencer",55,30,2.567346938775534,82866.0
874,rna.EB5*,"Renee, son of William, grandson of Terence",47,27,2.5510204081632892,82927.0
875,rna.EB28*,"John, son of Mary, grandson of Sarah",54,27,2.5085714285714515,82811.0
876,rna.EB41*,"Tamsin, son of Tamara, grandson of Herbert",53,29,2.621224489795943,83207.0
877,rna.EB37*,"Michelle, son of Jacob, grandson of Nigel",60,30,2.5526530612245137,83440.0
878,rna.EB0*,"Norbert, son of Tamsin, grandson of Sarah",48,30,2.524897959183697,83297.0
879,rna.EB41*,"Alfred, son of Theodore, grandson of Augustus",54,28,2.543673469387779,82666.0
880,rna.EB15*,"Edward, son of Sharon, grandson of Andrew",48,27,2.490612244897983,82330.0
881,rna.EB40*,"Elaine, son of Samuel, grandson of Mitchell",46,31,2.47510204081635,83316.0
882,rna.EB43*,"Paula, son of Mitchell, grandson of Augustine",49,27,2.5346938775510437,83070.0
883,rna.EB34*,"Albert, son of Anthony, grandson of Dominick",50,28,2.5502040816326774,83181.0
884,rna.EB43*,"Samantha, son of Patricia, grandson of Hilary",55,27,2.506938775510227,83134.0
885,rna.EB32*,"Howard, son of Augustus, grandson of Edwin",54,29,2.521632653061248,82976.0
886,rna.EB8*,"Geoffrey, son of Howard, grandson of Augustus",50,28,2.5142857142857373,83222.0
887,rna.EB49*,"Veronica, son of Katrina, grandson of Alexandra",55,31,2.5559183673469623,82780.0
888,rna.EB9*,"Martin, son of Norbert, grandson of Isabella",55,32,2.5836734693877794,83349.0
889,rna.EB46*,"William, son of Arnold, grandson of Robert",52,28,2.5477551020408407,82907.0
890,rna.EB15*,"Rebecca, son of Virginia, grandson of Hilary",54,30,2.5942857142857383,83181.0
891,rna.EB5*,"Beverley, son of Victor, grandson of Antoinette",50,30,2.443265306122471,82598.0
892,rna.EB7*,"Stephen, son of Regina, grandson of Daniel",50,29,2.4661224489796147,82839.0
893,rna.EB2*,"Walter, son of Theodore, grandson of Martin",44,25,2.5110204081632883,82686.0
894,rna.EB35*,"Catherine, son of Carolyn, grandson of Augustus",49,27,2.5477551020408398,82600.0
895,rna.EB41*,"Dorothy, son of Francesco, grandson of Francesco",41,25,2.5991836734694123,82927.0
896,rna.EB30*,"Terence, son of Edwin, grandson of Tamara",49,26,2.552653061224515,82219.0
897,rna.EB41*,"Trenton, son of Margaret, grandson of Madeline",45,26,2.524897959183697,83208.0
898,rna.EB15*,"Oliver, son of Walter, grandson of Teresa",50,30,2.5746938775510437,83621.0
899,rna.EB34*,"Victor, son of James, grandson of Deborah",52,28,2.5542857142857387,83134.0
900,rna.EB2*,"Steven, son of Louis, grandson of Calvin",55,31,2.5722448979592074,83107.0
901,rna.EB48*,"Matthew, son of Raphael, grandson of Edward",48,31,2.584489795918391,81487.0
902,rna.EB47*,"Virginia, son of Jeremy, grandson of David",52,30,2.653877551020433,82169.0
903,rna.EB32*,"Arthur, son of Michael, grandson of Jason",56,28,2.5093877551020647,82509.0
904,rna.EB2*,"Bonnie, son of Madeline, grandson of Antoinette",47,27,2.5526530612245137,82444.0
905,rna.EB17*,"Arnold, son of Amanda, grandson of Leonard",46,30,2.4669387755102266,81342.0
906,rna.EB22*,"Matthew, son of James, grandson of Simon",50,28,2.395102040816349,81553.0
907,rna.EB44*,"Violet, son of Sarah, grandson of Arnold",50,30,2.4897959183673697,81245.0
908,rna.EB23*,"Deborah, son of Violet, grandson of Sarah",52,34,2.5461224489796157,81074.0
909,rna.EB33*,"Kristen, son of Francis, grandson of Raymond",51,28,2.560816326530636,81873.0
910,rna.EB19*,"Emily, son of Ethel, grandson of Zachary",48,32,2.5461224489796153,82378.0
911,rna.EB16*,"Adelaida, son of Victor, grandson of Aloysius",48,28,2.5771428571428814,81076.0
912,rna.EB46*,"Ronald, son of Paul, grandson of Victor",51,26,2.560816326530636,81597.0
913,rna.EB15*,"Jeremy, son of Theodore, grandson of Daniel",59,29,2.613877551020432,81797.0
914,rna.EB9*,"Michelle, son of James, grandson of Raymond",52,29,2.5763265306122682,81442.0
915,rna.EB3*,"William, son of William, grandson of James",51,28,2.55510204081635,81207.0
916,rna.EB7*,"Calvin, son of Edward, grandson of Theodore",52,30,2.4881632653061456,80596.0
917,rna.EB21*,"Edward, son of Alfred, grandson of Sarah",52,33,2.4032653061224716,81211.0
918,rna.EB25*,"Eleanor, son of Edward, grandson of Alfred",52,28,2.3567346938775726,81159.0
919,rna.EB27*,"William, son of Dolores, grandson of Leonardo",52,32,2.488163265306145,80170.0
920,rna.EB10*,"Veronica, son of Alan, grandson of Daniel",52,31,2.52244897959186,80967.0
921,rna.EB9*,"Jeremiah, son of Nathan, grandson of Edwin",50,32,2.502040816326554,80650.0
922,rna.EB34*,"James, son of Nathan, grandson of Antoinette",51,29,2.509387755102064,81007.0
923,rna.EB41*,"Christopher, son of Victoria, grandson of Herbert",54,33,2.5795918367347177,80868.0
924,rna.EB39*,"Tobias, son of Franklin, grandson of Nichola",54,32,2.62040816326533,80531.0
925,rna.EB35*,"Ethel, son of Violet, grandson of Madison",54,31,2.5453061224490034,80524.0
926,rna.EB38*,"Peter, son of Thomas, grandson of Mary",55,30,2.51510204081635,80269.0
927,rna.EB22*,"Victoria, son of Theresa, grandson of Ethel",55,31,2.5306122448979824,80296.0
928,rna.EB28*,"Norbert, son of Isabella, grandson of Angus",55,33,2.438367346938798,80135.0
929,rna.EB30*,"Madeline, son of Edmund, grandson of Elaine",48,31,2.419591836734716,80611.0
930,rna.EB40*,"Daniel, son of Frederick, grandson of Edward",53,33,2.4563265306122677,80631.0
931,rna.EB9*,"Rachel, son of Francesco, grandson of Elaine",52,32,2.493061224489819,80575.0
932,rna.EB34*,"Barnaby, son of Edward, grandson of Helen",51,31,2.561632653061248,80467.0
933,rna.EB45*,"Gregory, son of Benjamin, grandson of Leonardo",52,33,2.4530612244898187,80492.0
934,rna.EB0*,"Alan, son of Judith, grandson of Geoffrey",54,29,2.389387755102063,80481.0
935,rna.EB46*,"Francis, son of Cassandra, grandson of Sharon",52,32,2.509387755102064,80475.0
936,rna.EB41*,"Steven, son of Garfield, grandson of Anthony",52,32,2.5379591836734927,79886.0
937,rna.EB38*,"Bonnie, son of Montgomery, grandson of Andrew",50,31,2.565714285714309,80098.0
938,rna.EB22*,"Pauline, son of Alexandra, grandson of Judith",51,31,2.5567346938775746,80272.0
939,rna.EB32*,"Russell, son of Jennifer, grandson of Janet",53,34,2.5044897959183907,80530.0
940,rna.EB3*,"Virginia, son of Violet, grandson of Donald",51,29,2.4759183673469614,81091.0
941,rna.EB15*,"Dwight, son of Francesco, grandson of Gertrude",52,31,2.4677551020408393,80603.0
942,rna.EB37*,"Violet, son of Madeline, grandson of Nathaniel",55,33,2.6106122448979834,80479.0
943,rna.EB19*,"Russell, son of Bartholomew, grandson of Jacob",56,29,2.612244897959208,80615.0
944,rna.EB40*,"Frederick, son of Joseph, grandson of Tobias",48,33,2.5706122448979833,80643.0
945,rna.EB22*,"Matthew, son of Tobias, grandson of Peter",55,34,2.542857142857166,81241.0
946,rna.EB38*,"Stephen, son of Margaret, grandson of Matthew",59,33,2.5477551020408398,79484.0
947,rna.EB28*,"Vincent, son of Christine, grandson of Robert",51,34,2.6448979591836976,80616.0
948,rna.EB47*,"Dorothy, son of Thomas, grandson of Susan",47,31,2.6555102040816574,80260.0
949,rna.EB1*,"Peter, son of Richard, grandson of Nichole",52,30,2.451428571428594,80530.0
950,rna.EB5*,"Charles, son of Aloysius, grandson of Vincent",59,31,2.519183673469411,82307.0
951,rna.EB2*,"Susan, son of Simon, grandson of Lawrence",55,30,2.574693877551044,80291.0
952,rna.EB14*,"Kimberly, son of Samuel, grandson of Thomas",56,31,2.4628571428571657,79583.0
953,rna.EB11*,"Spencer, son of Geoffrey, grandson of Lawrence",52,34,2.415510204081655,84122.0
954,rna.EB42*,"Henry, son of John, grandson of Andrew",51,32,2.488163265306146,80590.0
955,rna.EB30*,"Aloysius, son of Henry, grandson of John",51,31,2.5632653061224726,80212.0
956,rna.EB16*,"Arnold, son of Aloysius, grandson of Virginia",54,36,2.446530612244921,80374.0
957,rna.EB34*,"David, son of Theresa, grandson of Joel",52,34,2.5428571428571662,81053.0
958,rna.EB34*,"Geoffrey, son of Jennifer, grandson of Garfield",50,30,2.574693877551044,80660.0
959,rna.EB27*,"Tamsin, son of Priscilla, grandson of Jennifer",55,32,2.498775510204105,79949.0
960,rna.EB41*,"Emily, son of Victoria, grandson of Stephen",50,31,2.510204081632677,80579.0
961,rna.EB28*,"Vincent, son of Jeremiah, grandson of Nicholas",59,35,2.545306122449003,80698.0
962,rna.EB4*,"Alastair, son of Vincent, grandson of Jeremiah",56,37,2.583673469387779,80959.0
963,rna.EB35*,"Albert, son of Terence, grandson of Abigail",52,33,2.4914285714285955,80361.0
964,rna.EB31*,"Thomas, son of Katrina, grandson of Theodore",47,33,2.478367346938798,79786.0
965,rna.EB11*,"Thomas, son of Hilary, grandson of Theresa",55,36,2.4783673469387986,79554.0
966,rna.EB6*,"Samuel, son of Elaine, grandson of Alastair",52,31,2.465306122449003,80699.0
967,rna.EB0*,"Madeline, son of Barnaby, grandson of Peregrine",55,33,2.5061224489796152,79687.0
968,rna.EB41*,"Tamsin, son of Teresa, grandson of Peter",55,36,2.4644897959183907,79702.0
969,rna.EB11*,"Peter, son of Alexander, grandson of Leonardo",58,37,2.5689795918367584,79586.0
970,rna.EB29*,"Mary, son of Frederick, grandson of David",61,37,2.579591836734718,79446.0
971,rna.EB48*,"Emily, son of Nichole, grandson of Thomas",60,38,2.613877551020433,79488.0
972,rna.EB4*,"Gerald, son of Theodore, grandson of Vincent",56,34,2.527346938775534,79991.0
973,rna.EB40*,"Alan, son of Angus, grandson of Louis",54,35,2.586938775510228,79732.0
974,rna.EB10*,"Carolyn, son of Theresa, grandson of Howard",55,39,2.667755102040842,79557.0
975,rna.EB8*,"Theodore, son of Theodore, grandson of Alan",60,37,2.410612244897982,79892.0
976,rna.EB48*,"Philip, son of Ethel, grandson of Francis",54,36,2.398367346938797,79866.0
977,rna.EB32*,"Christine, son of Arnold, grandson of Robert",54,35,2.4212244897959403,78826.0
978,rna.EB35*,"Abraham, son of Mathew, grandson of Terence",58,37,2.466938775510227,79798.0
979,rna.EB20*,"Violet, son of Dolores, grandson of Mathew",56,31,2.551836734693902,79425.0
980,rna.EB26*,"Jerome, son of Paul, grandson of Barbara",55,33,2.548571428571453,79889.0
981,rna.EB48*,"Edwin, son of Christopher, grandson of Oliver",54,38,2.524081632653085,79736.0
982,rna.EB23*,"Donald, son of Edward, grandson of Valerie",64,37,2.55510204081635,79534.0
983,rna.EB3*,"Emily, son of Theodore, grandson of Katherine",57,39,2.675102040816351,79507.0
984,rna.EB22*,"Mathew, son of Bridget, grandson of William",61,34,2.6163265306122696,79870.0
985,rna.EB29*,"Susan, son of Robert, grandson of Alexander",53,36,2.608163265306147,78629.0
986,rna.EB11*,"Dominic, son of Judith, grandson of Joshua",54,36,2.4595918367347163,79628.0
987,rna.EB47*,"Victor, son of Deborah, grandson of Susan",54,34,2.4710204081632887,79839.0
988,rna.EB36*,"Barnaby, son of Maria, grandson of Aloysius",63,35,2.4555102040816554,78949.0
989,rna.EB44*,"Howard, son of Percival, grandson of Nichole",58,34,2.518367346938799,79403.0
990,rna.EB49*,"Seymour, son of Charles, grandson of Spencer",59,32,2.566530612244921,79829.0
991,rna.EB37*,"Russell, son of Thomas, grandson of Charles",62,37,2.585306122449004,79812.0
992,rna.EB40*,"John, son of Simon, grandson of Stephen",56,38,2.4881632653061456,79910.0
993,rna.EB32*,"William, son of Michelle, grandson of Amanda",55,35,2.6000000000000245,79106.0
994,rna.EB47*,"Peregrine, son of Edward, grandson of Michael",55,33,2.6506122448979834,79609.0
995,rna.EB18*,"Rebecca, son of Cassandra, grandson of Calvin",58,38,2.5240816326530853,80022.0
996,rna.EB22*,"Montgomery, son of Madison, grandson of Walter",54,34,2.4857142857143084,80052.0
997,rna.EB10*,"Teresa, son of Bonnie, grandson of Jerome",57,35,2.4179591836734917,79707.0
998,rna.EB2*,"Christine, son of Geoffrey, grandson of Virginia",57,38,2.350204081632675,79702.0
999,rna.EB12*,"Edward, son of Benjamin, grandson of Janet",64,38,2.434285714285737,79939.0
