0,rna.EB49*,"Jerome, son of Alfred, grandson of Miranda",48,20,3.248163265306152,48465.0
1,rna.EB31*,"Henry, son of Teresa, grandson of Judith",41,17,2.8946938775510476,48219.0
2,rna.EB41*,"Cassandra, son of Alastair, grandson of Thomas",38,18,2.6440816326530863,48998.0
3,rna.EB22*,"Tobias, son of Mathew, grandson of Dolores",49,21,2.4620408163265535,48982.0
4,rna.EB27*,"Catherine, son of Robert, grandson of Teresa",38,19,2.4775510204081863,48963.0
5,rna.EB1*,"Robert, son of Francis, grandson of Cassandra",40,20,2.4114285714285937,48669.0
6,rna.EB9*,"Thomas, son of Judith, grandson of Joseph",42,22,2.544489795918391,49386.0
7,rna.EB15*,"William, son of Peter, grandson of Benjamin",42,23,2.5004081632653294,49241.0
8,rna.EB15*,"Jeffrey, son of William, grandson of Peter",48,22,2.432653061224512,49465.0
9,rna.EB15*,"Josephine, son of Josephine, grandson of Oliver",36,22,2.4367346938775736,49265.0
10,rna.EB23*,"Catherine, son of Susan, grandson of Alastair",37,22,2.4775510204081863,49044.0
11,rna.EB8*,"Abigail, son of Paula, grandson of Isabella",39,24,2.4922448979592065,49368.0
12,rna.EB29*,"Martin, son of Montmorency, grandson of Susan",41,21,2.4367346938775736,49018.0
13,rna.EB35*,"Deborah, son of Joseph, grandson of Abraham",43,23,2.4865306122449216,49348.0
14,rna.EB28*,"Harold, son of Thomas, grandson of Howard",43,22,2.4628571428571657,49209.0
15,rna.EB49*,"Walter, son of Veronica, grandson of Steven",48,25,2.4865306122449216,50047.0
16,rna.EB45*,"Elaine, son of Anthony, grandson of Sarah",39,24,2.55510204081635,50481.0
17,rna.EB16*,"Terence, son of Janice, grandson of Steven",44,22,2.5779591836734927,49875.0
18,rna.EB17*,"Joshua, son of Janet, grandson of Elaine",38,22,2.5706122448979833,51058.0
19,rna.EB32*,"Kristen, son of Tamara, grandson of Virginia",49,25,2.6497959183673716,50694.0
20,rna.EB36*,"Bartholomew, son of Madeline, grandson of Catherine",39,22,2.5240816326530857,50534.0
21,rna.EB9*,"Roberta, son of Roderick, grandson of Howard",41,23,2.4693877551020638,50835.0
22,rna.EB45*,"Alexander, son of Theresa, grandson of Bartholomew",36,20,2.5804081632653304,50154.0
23,rna.EB23*,"Thomas, son of Victoria, grandson of Bridget",39,20,2.483265306122472,49520.0
24,rna.EB33*,"Michael, son of Norbert, grandson of Hilary",38,21,2.48979591836737,50470.0
25,rna.EB44*,"Bridget, son of Calvin, grandson of Bridget",40,20,2.542040816326554,50362.0
26,rna.EB40*,"Aloysius, son of Peter, grandson of Martin",37,21,2.500408163265329,50484.0
27,rna.EB36*,"William, son of Hilary, grandson of Bridget",34,17,2.4865306122449202,50574.0
28,rna.EB8*,"Joel, son of Thomas, grandson of Jeremy",38,20,2.5591836734694113,50511.0
29,rna.EB48*,"Alexandra, son of Kristen, grandson of Michelle",53,20,2.492244897959207,50166.0
30,rna.EB4*,"Amanda, son of Peter, grandson of Joel",38,21,2.5314285714285947,49888.0
31,rna.EB40*,"Bridget, son of Deborah, grandson of Jacob",33,21,2.5151020408163505,50426.0
32,rna.EB3*,"Alexander, son of Elizabeth, grandson of Emily",38,20,2.4832653061224716,50358.0
33,rna.EB19*,"Herbert, son of Gertrude, grandson of Natasha",42,23,2.460408163265329,50620.0
34,rna.EB16*,"Simon, son of Benjamin, grandson of Virginia",35,21,2.4522448979592064,50996.0
35,rna.EB27*,"James, son of Raymond, grandson of Edward",46,20,2.4146938775510427,49637.0
36,rna.EB31*,"Jeremiah, son of Adelaida, grandson of Jane",39,21,2.4146938775510427,51172.0
37,rna.EB17*,"Nathaniel, son of Alexandra, grandson of James",39,20,2.440816326530635,50058.0
38,rna.EB1*,"Walter, son of Jacob, grandson of Dwight",38,23,2.4881632653061456,50832.0
39,rna.EB18*,"Howard, son of Steven, grandson of Garfield",37,23,2.60571428571431,49569.0
40,rna.EB27*,"Samuel, son of Howard, grandson of Steven",46,22,2.5257142857143084,50138.0
41,rna.EB13*,"Philippa, son of Gerald, grandson of Maria",42,23,2.414693877551043,52299.0
42,rna.EB44*,"Edward, son of William, grandson of Philippa",48,23,2.400816326530635,49404.0
43,rna.EB42*,"Teresa, son of Beverley, grandson of Augustine",38,22,2.451428571428594,50310.0
44,rna.EB4*,"Martin, son of Paul, grandson of Jeremy",43,22,2.5828571428571667,50132.0
45,rna.EB45*,"Michele, son of Dominick, grandson of Veronica",37,23,2.4016326530612466,50213.0
46,rna.EB40*,"Gerald, son of Walter, grandson of Elizabeth",45,22,2.5297959183673697,49935.0
47,rna.EB14*,"Leonard, son of Montmorency, grandson of Michele",43,22,2.458775510204105,49728.0
48,rna.EB45*,"Stephen, son of Henry, grandson of Bartholomew",36,18,2.5012244897959417,50028.0
49,rna.EB28*,"Janet, son of Spencer, grandson of Gerald",41,22,2.5322448979592074,50986.0
50,rna.EB30*,"William, son of Elaine, grandson of Sharon",47,23,2.5273469387755334,49454.0
51,rna.EB39*,"Peregrine, son of Gregory, grandson of Martin",48,24,2.4489795918367574,49903.0
52,rna.EB46*,"Victor, son of Rebecca, grandson of Jeremiah",40,22,2.468571428571451,49826.0
53,rna.EB22*,"Arthur, son of Arnold, grandson of Reginald",45,20,2.554285714285738,48783.0
54,rna.EB20*,"Philip, son of Jeffrey, grandson of Edward",42,23,2.5534693877551256,49538.0
55,rna.EB9*,"John, son of Emily, grandson of Ellen",37,20,2.5297959183673706,49748.0
56,rna.EB15*,"Emily, son of Emily, grandson of Walter",36,20,2.6130612244898206,48574.0
57,rna.EB35*,"Amanda, son of Donald, grandson of Ellen",34,21,2.528163265306145,48541.0
58,rna.EB5*,"Tobias, son of Alexander, grandson of Teresa",35,21,2.49714285714288,48903.0
59,rna.EB1*,"Herbert, son of Benjamin, grandson of Theresa",37,20,2.3714285714285936,49429.0
60,rna.EB12*,"Lawrence, son of David, grandson of Tobias",42,21,2.4228571428571657,49240.0
61,rna.EB1*,"Steven, son of Teresa, grandson of Dorothy",34,19,2.432653061224512,48947.0
62,rna.EB13*,"Mary, son of Steven, grandson of Teresa",41,19,2.5020408163265535,50044.0
63,rna.EB20*,"Terence, son of Henry, grandson of Raphael",37,19,2.3746938775510427,50019.0
64,rna.EB40*,"Montague, son of Francis, grandson of Thomas",38,22,2.345306122449001,50561.0
65,rna.EB33*,"Nigel, son of Nichola, grandson of Megan",41,18,2.450612244897982,49749.0
66,rna.EB48*,"Ethel, son of Elaine, grandson of Theresa",34,19,2.581224489795942,50298.0
67,rna.EB0*,"Edward, son of Kimberly, grandson of Edward",38,20,2.5967346938775755,49908.0
68,rna.EB26*,"Francesca, son of Gertrude, grandson of Rodney",47,21,2.5942857142857383,49440.0
69,rna.EB2*,"Matthew, son of Nathan, grandson of Jason",38,21,2.5371428571428805,49784.0
70,rna.EB48*,"Simon, son of Virginia, grandson of Jeremiah",41,22,2.5779591836734936,50075.0
71,rna.EB1*,"Jason, son of Tobias, grandson of David",38,20,2.6032653061224735,50944.0
72,rna.EB12*,"Peter, son of James, grandson of Frances",46,21,2.611428571428595,50482.0
73,rna.EB5*,"Eugene, son of Patricia, grandson of Thomas",48,22,2.5763265306122696,50864.0
74,rna.EB29*,"Steven, son of Bonnie, grandson of Dorothy",41,21,2.521632653061248,50323.0
75,rna.EB47*,"Jordan, son of Barnaby, grandson of Reginald",46,22,2.509387755102064,49619.0
76,rna.EB46*,"Sarah, son of Jordan, grandson of Barnaby",40,21,2.4522448979592064,49784.0
77,rna.EB24*,"Elizabeth, son of Simon, grandson of Dwight",40,21,2.408163265306145,50858.0
78,rna.EB18*,"Jeremiah, son of Benjamin, grandson of Madison",42,24,2.4481632653061447,49778.0
79,rna.EB3*,"Peter, son of Christine, grandson of Geoffrey",39,23,2.506938775510227,50696.0
80,rna.EB16*,"Stephen, son of Terence, grandson of Barnaby",49,22,2.4702040816326765,51048.0
81,rna.EB7*,"Teresa, son of Andrew, grandson of Charles",39,21,2.4604081632653294,51117.0
82,rna.EB23*,"Judith, son of Edwin, grandson of Sharon",40,25,2.4661224489796147,49453.0
83,rna.EB9*,"Jessica, son of Barbara, grandson of Jeremy",46,24,2.536326530612268,50790.0
84,rna.EB33*,"Alfred, son of Emily, grandson of Mathew",43,25,2.5951020408163505,51539.0
85,rna.EB28*,"Steven, son of Alfred, grandson of Emily",44,22,2.6424489795918618,50500.0
86,rna.EB26*,"Francesca, son of Vincent, grandson of Arnold",45,25,2.5534693877551264,53323.0
87,rna.EB0*,"Trenton, son of Arnold, grandson of Michael",50,26,2.425306122449002,52210.0
88,rna.EB39*,"Percival, son of Samantha, grandson of Russell",47,21,2.5093877551020642,49311.0
89,rna.EB41*,"Augustus, son of Nigel, grandson of Nathaniel",45,23,2.608979591836759,50368.0
90,rna.EB7*,"John, son of Theodore, grandson of Percival",42,22,2.62367346938778,49639.0
91,rna.EB6*,"Nathan, son of Hilary, grandson of Augustus",44,23,2.5265306122449216,51310.0
92,rna.EB24*,"John, son of Gertrude, grandson of Jessica",48,23,2.5151020408163496,51313.0
93,rna.EB19*,"Valerie, son of Arnold, grandson of Tobias",40,24,2.554285714285738,51389.0
94,rna.EB31*,"Geoffrey, son of Walter, grandson of Edmund",43,23,2.5102040816326765,51421.0
95,rna.EB41*,"Spencer, son of Alexandra, grandson of Steven",44,22,2.49714285714288,51770.0
96,rna.EB2*,"Samantha, son of Spencer, grandson of Alexandra",43,22,2.462040816326554,51277.0
97,rna.EB18*,"Jennifer, son of Garfield, grandson of Russell",42,23,2.543673469387778,51027.0
98,rna.EB37*,"Patricia, son of Jennifer, grandson of Garfield",44,25,2.5534693877551264,51608.0
99,rna.EB32*,"Renee, son of Ronald, grandson of Zachary",42,22,2.6081632653061466,50721.0
100,rna.EB8*,"Edmund, son of Alexander, grandson of Beverley",43,25,2.553469387755126,53209.0
101,rna.EB12*,"Jane, son of Edward, grandson of Theodore",47,23,2.563265306122473,51613.0
102,rna.EB26*,"Josephine, son of Philip, grandson of Robert",41,23,2.5044897959183907,50274.0
103,rna.EB13*,"Spencer, son of Donald, grandson of Augustus",52,23,2.4857142857143084,51212.0
104,rna.EB26*,"Theresa, son of Priscilla, grandson of Francis",43,20,2.524081632653085,50575.0
105,rna.EB41*,"Dorothy, son of Theresa, grandson of Priscilla",39,18,2.5518367346939015,49504.0
106,rna.EB41*,"Margaret, son of Peter, grandson of Teresa",49,22,2.557551020408187,52431.0
107,rna.EB16*,"Thomas, son of Alexandra, grandson of Francis",45,22,2.647346938775534,53055.0
108,rna.EB16*,"Ethel, son of Barnaby, grandson of Richard",44,21,2.7044897959183927,52592.0
109,rna.EB30*,"Raphael, son of Lucille, grandson of Pauline",43,25,2.5836734693877794,53013.0
110,rna.EB43*,"Josephine, son of Sarah, grandson of John",42,24,2.562448979591861,53285.0
111,rna.EB0*,"Augustus, son of Roderick, grandson of Zachary",48,26,2.4946938775510437,53549.0
112,rna.EB6*,"Edwin, son of Thomas, grandson of Dominick",44,24,2.4318367346939,53005.0
113,rna.EB38*,"Margaret, son of Barbara, grandson of Francesco",45,21,2.4579591836734926,52197.0
114,rna.EB16*,"Rebecca, son of Sharon, grandson of Edmund",45,21,2.501224489795942,51062.0
115,rna.EB7*,"Henry, son of Pauline, grandson of Roberta",39,24,2.5257142857143093,50964.0
116,rna.EB47*,"Tobias, son of Patricia, grandson of Tobias",42,24,2.5183673469387986,50570.0
117,rna.EB40*,"Jeremiah, son of Gerald, grandson of Jeremiah",47,25,2.4587755102041053,49932.0
118,rna.EB36*,"Catherine, son of Tobias, grandson of Donald",47,24,2.4636734693877775,50160.0
119,rna.EB15*,"Sharon, son of Victoria, grandson of Spencer",43,21,2.5126530612245133,49981.0
120,rna.EB17*,"Theodore, son of John, grandson of Michael",42,21,2.3893877551020637,50946.0
121,rna.EB41*,"Jeremiah, son of Antoinette, grandson of Richard",43,22,2.5028571428571658,51282.0
122,rna.EB49*,"Edward, son of Daniel, grandson of Gertrude",44,22,2.510204081632676,50860.0
123,rna.EB10*,"Veronica, son of Elaine, grandson of Victoria",43,22,2.528979591836758,51450.0
124,rna.EB21*,"Steven, son of Andrew, grandson of Edmund",45,21,2.4604081632653285,51177.0
125,rna.EB23*,"Andrew, son of Theresa, grandson of Andrew",43,22,2.468571428571451,51477.0
126,rna.EB1*,"Tamsin, son of Jessica, grandson of Trenton",41,23,2.5289795918367584,51224.0
127,rna.EB31*,"Montgomery, son of Nathaniel, grandson of Jessica",43,23,2.5379591836734927,51549.0
128,rna.EB23*,"William, son of Daniel, grandson of Raphael",38,23,2.524897959183697,51280.0
129,rna.EB47*,"Hilary, son of Bridget, grandson of Tamara",35,22,2.4661224489796147,50904.0
130,rna.EB2*,"Robert, son of Donald, grandson of Tamsin",35,22,2.4963265306122677,51167.0
131,rna.EB5*,"Philip, son of Mathew, grandson of Hilary",44,24,2.520816326530636,51244.0
132,rna.EB48*,"Alexander, son of Anne, grandson of Virginia",47,24,2.502857142857166,51594.0
133,rna.EB41*,"Elizabeth, son of Edmund, grandson of Philip",44,25,2.4702040816326765,51739.0
134,rna.EB47*,"Lucille, son of Andrew, grandson of Alexander",48,25,2.556734693877574,51164.0
135,rna.EB9*,"Tobias, son of Virginia, grandson of Reginald",38,24,2.55510204081635,51984.0
136,rna.EB39*,"Katherine, son of Theodore, grandson of Joseph",40,22,2.3877551020408383,51136.0
137,rna.EB45*,"Miranda, son of Lawrence, grandson of Donald",35,21,2.4987755102041045,51423.0
138,rna.EB27*,"Jerome, son of Alfred, grandson of Katherine",42,22,2.579591836734718,51063.0
139,rna.EB22*,"Alfred, son of Nigel, grandson of Nathaniel",39,22,2.4612244897959417,51488.0
140,rna.EB29*,"Kristen, son of Lawrence, grandson of Sharon",40,24,2.503673469387778,51914.0
141,rna.EB30*,"Jennifer, son of Calvin, grandson of Augustus",39,24,2.5730612244898197,51689.0
142,rna.EB40*,"Valerie, son of Jordan, grandson of Theodore",44,21,2.5624489795918604,51142.0
143,rna.EB26*,"Dolores, son of Daniel, grandson of Reginald",44,21,2.442448979591859,50893.0
144,rna.EB49*,"Francesco, son of Vincent, grandson of Daniel",38,22,2.36653061224492,50943.0
145,rna.EB33*,"Geoffrey, son of Walter, grandson of Augustus",38,25,2.4759183673469614,51468.0
146,rna.EB16*,"Regina, son of Abraham, grandson of Terence",42,24,2.5453061224490034,51945.0
147,rna.EB1*,"Edmund, son of Eugene, grandson of Amanda",37,22,2.486530612244921,50832.0
148,rna.EB43*,"Leonard, son of Spencer, grandson of Janet",45,22,2.5200000000000236,50870.0
149,rna.EB28*,"Christopher, son of Katrina, grandson of Alan",50,24,2.4734693877551246,52434.0
150,rna.EB49*,"Lawrence, son of Helen, grandson of Robert",37,24,2.5044897959183903,51714.0
151,rna.EB39*,"Clayton, son of Theodore, grandson of Helen",42,24,2.4408163265306357,51182.0
152,rna.EB2*,"Tamara, son of Matthew, grandson of Theodore",44,27,2.5559183673469628,51417.0
153,rna.EB21*,"Jennifer, son of Cassandra, grandson of Nigel",40,24,2.4930612244898196,51443.0
154,rna.EB25*,"Thomas, son of Patricia, grandson of Lawrence",48,24,2.512653061224513,51671.0
155,rna.EB5*,"Victor, son of Andrew, grandson of David",43,25,2.558367346938799,51803.0
156,rna.EB29*,"Mitchell, son of Philip, grandson of Victor",44,23,2.5632653061224726,51217.0
157,rna.EB14*,"Terence, son of Gertrude, grandson of Jeffrey",41,28,2.488979591836758,52440.0
158,rna.EB46*,"Jeremiah, son of Ethel, grandson of Katrina",43,23,2.4440816326530843,51722.0
159,rna.EB9*,"Katrina, son of Spencer, grandson of Beverley",47,22,2.511836734693901,51725.0
160,rna.EB19*,"Antoinette, son of Emily, grandson of Lawrence",43,26,2.4873469387755334,52074.0
161,rna.EB46*,"Teresa, son of Eugene, grandson of Emily",53,23,2.3706122448979814,51281.0
162,rna.EB41*,"Samuel, son of Terence, grandson of Francesca",38,21,2.514285714285738,50753.0
163,rna.EB8*,"Gustav, son of Percival, grandson of Herbert",36,22,2.5110204081632888,52016.0
164,rna.EB6*,"Robert, son of Jordan, grandson of Thomas",42,23,2.506122448979615,52457.0
165,rna.EB15*,"Albert, son of Bonnie, grandson of Amanda",43,24,2.490612244897982,51884.0
166,rna.EB42*,"Christine, son of Mary, grandson of Abigail",43,23,2.509387755102064,51918.0
167,rna.EB0*,"Regina, son of Christine, grandson of Mary",36,20,2.65632653061227,51458.0
168,rna.EB31*,"Jennifer, son of Pauline, grandson of Dominick",45,23,2.5910204081632897,51520.0
169,rna.EB4*,"Trenton, son of Tamsin, grandson of Michele",42,21,2.39918367346941,51483.0
170,rna.EB23*,"David, son of Gertrude, grandson of Elaine",44,20,2.457959183673492,51257.0
171,rna.EB20*,"Jane, son of Walter, grandson of Martin",42,21,2.5412244897959417,51577.0
172,rna.EB22*,"Daniel, son of Oliver, grandson of Russell",49,25,2.6367346938775755,52549.0
173,rna.EB23*,"Benjamin, son of Charles, grandson of Regina",48,22,2.542040816326555,51816.0
174,rna.EB24*,"Leonard, son of Daniel, grandson of Rebecca",38,21,2.5575510204081864,51070.0
175,rna.EB8*,"Dominic, son of Hilary, grandson of Benjamin",40,22,2.5624489795918612,51582.0
176,rna.EB28*,"William, son of Dominic, grandson of Hilary",39,22,2.530612244897983,51268.0
177,rna.EB38*,"Veronica, son of Samuel, grandson of Charles",49,21,2.55510204081635,51108.0
178,rna.EB31*,"Tobias, son of Megan, grandson of Samuel",43,21,2.617142857142882,51487.0
179,rna.EB35*,"Richard, son of Harold, grandson of Andrew",39,22,2.6922448979592093,51720.0
180,rna.EB3*,"Veronica, son of Abraham, grandson of Alfred",43,23,2.5714285714285956,52137.0
181,rna.EB37*,"Bartholomew, son of Simon, grandson of Peter",46,24,2.5265306122449216,52061.0
182,rna.EB32*,"Anthony, son of Bartholomew, grandson of Simon",39,22,2.508571428571452,52106.0
183,rna.EB30*,"Nathaniel, son of Adelaida, grandson of Henry",40,22,2.530612244897983,52146.0
184,rna.EB31*,"Sarah, son of Aloysius, grandson of Lucille",42,24,2.5730612244898197,52125.0
185,rna.EB33*,"Sharon, son of Oliver, grandson of Aloysius",48,22,2.464489795918391,52039.0
186,rna.EB11*,"Abraham, son of Geoffrey, grandson of Beverley",44,21,2.4359183673469613,51878.0
187,rna.EB11*,"Isabella, son of Bonnie, grandson of Sharon",45,20,2.498775510204105,51219.0
188,rna.EB19*,"Violet, son of Nathan, grandson of Norbert",36,16,2.4824489795918594,51056.0
189,rna.EB7*,"Madison, son of Jeremy, grandson of Samuel",38,19,2.466938775510227,51421.0
190,rna.EB29*,"Barbara, son of Bartholomew, grandson of Megan",36,19,2.364897959183696,51331.0
191,rna.EB39*,"Joel, son of Miranda, grandson of Valerie",42,20,2.4114285714285932,51679.0
192,rna.EB24*,"Nicholas, son of Alan, grandson of Mary",42,22,2.5044897959183903,52339.0
193,rna.EB45*,"Patricia, son of Angus, grandson of Joel",44,24,2.524897959183697,52175.0
194,rna.EB48*,"Philip, son of Anthony, grandson of Margaret",39,23,2.5053061224490025,53383.0
195,rna.EB18*,"Montgomery, son of Stephen, grandson of Patricia",44,24,2.3991836734694107,52260.0
196,rna.EB2*,"Joshua, son of Abigail, grandson of Percival",42,22,2.4187755102041044,51711.0
197,rna.EB4*,"Maria, son of Virginia, grandson of Veronica",40,23,2.5689795918367584,51979.0
198,rna.EB0*,"Violet, son of Daniel, grandson of Isabella",43,23,2.619591836734718,52211.0
199,rna.EB20*,"Maria, son of Michael, grandson of Gertrude",37,23,2.499591836734717,52024.0
200,rna.EB0*,"Madeline, son of Susan, grandson of Helen",42,21,2.4848979591836966,51992.0
201,rna.EB22*,"Maria, son of Jeremy, grandson of Susan",40,19,2.551836734693901,51200.0
202,rna.EB9*,"David, son of Maria, grandson of Jeremy",44,22,2.4938775510204314,51970.0
203,rna.EB20*,"Aloysius, son of Bonnie, grandson of Barnaby",38,21,2.412244897959206,51918.0
204,rna.EB2*,"Edwin, son of Victor, grandson of Katherine",41,24,2.4367346938775736,52228.0
205,rna.EB41*,"Hilary, son of Hilary, grandson of Victor",41,25,2.387755102040838,52451.0
206,rna.EB34*,"Victor, son of Mitchell, grandson of Edwin",39,21,2.502857142857166,51883.0
207,rna.EB24*,"Gustav, son of Beverley, grandson of Edmund",38,21,2.593469387755126,51822.0
208,rna.EB4*,"Amanda, son of James, grandson of Albert",40,21,2.5281632653061465,51958.0
209,rna.EB41*,"Anthony, son of Amanda, grandson of James",37,21,2.615510204081657,51703.0
210,rna.EB4*,"Daniel, son of Spencer, grandson of Virginia",37,21,2.5942857142857387,52564.0
211,rna.EB15*,"Sharon, son of Simon, grandson of Christopher",45,23,2.5804081632653304,52026.0
212,rna.EB46*,"Martin, son of Adelaida, grandson of Anthony",36,22,2.4808163265306353,52122.0
213,rna.EB5*,"Mary, son of Gertrude, grandson of Peter",51,20,2.532244897959207,52194.0
214,rna.EB4*,"Ellen, son of Emily, grandson of Adelaida",38,21,2.618775510204106,51235.0
215,rna.EB42*,"Terence, son of Francesca, grandson of Alfred",41,21,2.631836734693902,51772.0
216,rna.EB7*,"Veronica, son of Alastair, grandson of Ethel",38,21,2.453061224489819,51843.0
217,rna.EB3*,"Trenton, son of Christine, grandson of Patricia",40,21,2.5004081632653286,51697.0
218,rna.EB43*,"Theresa, son of Isabella, grandson of Daniel",43,23,2.5110204081632883,51868.0
219,rna.EB11*,"Jeremiah, son of Nigel, grandson of Teresa",49,22,2.5012244897959417,51477.0
220,rna.EB27*,"Trenton, son of Francis, grandson of Bartholomew",40,22,2.519183673469411,51904.0
221,rna.EB20*,"Harold, son of Edwin, grandson of Franklin",39,21,2.4971428571428795,52220.0
222,rna.EB49*,"Amanda, son of Thomas, grandson of Victoria",46,22,2.5461224489796153,52085.0
223,rna.EB17*,"Janet, son of Helen, grandson of Stephen",39,21,2.6310204081632897,52089.0
224,rna.EB4*,"Joseph, son of Pauline, grandson of William",36,22,2.660408163265331,52728.0
225,rna.EB12*,"Raphael, son of Oliver, grandson of Kristen",36,20,2.6408163265306372,51760.0
226,rna.EB18*,"Peter, son of Terence, grandson of Edmund",42,22,2.5297959183673706,51695.0
227,rna.EB5*,"Michele, son of Katherine, grandson of Janice",38,22,2.520816326530636,52048.0
228,rna.EB46*,"Eleanor, son of Renee, grandson of Tamsin",42,22,2.57306122448982,52108.0
229,rna.EB29*,"Amanda, son of Walter, grandson of Michele",47,23,2.5967346938775746,52364.0
230,rna.EB28*,"Louis, son of Steven, grandson of Simon",36,21,2.616326530612269,51843.0
231,rna.EB7*,"Kristen, son of Thomas, grandson of Ronald",41,21,2.6424489795918613,52071.0
232,rna.EB13*,"Jeremy, son of William, grandson of Jessica",37,20,2.578775510204106,52086.0
233,rna.EB3*,"Michele, son of Angus, grandson of Ronald",42,20,2.4938775510204314,52006.0
234,rna.EB6*,"Alastair, son of Eugene, grandson of Louis",37,22,2.4204081632653294,52070.0
235,rna.EB0*,"Michelle, son of Bridget, grandson of Charles",38,22,2.4008163265306353,52365.0
236,rna.EB47*,"Beverley, son of Susan, grandson of Nathan",42,23,2.5191836734694113,52021.0
237,rna.EB49*,"Abraham, son of Jennifer, grandson of Frances",48,21,2.516734693877575,51647.0
238,rna.EB1*,"Katrina, son of Sharon, grandson of Amanda",39,23,2.5379591836734927,52125.0
239,rna.EB15*,"Joseph, son of Edward, grandson of Leonardo",47,20,2.476734693877574,51995.0
240,rna.EB8*,"John, son of Raymond, grandson of Paul",39,21,2.5697959183673706,51245.0
241,rna.EB3*,"Trenton, son of Jeremy, grandson of Susan",46,23,2.479183673469411,52377.0
242,rna.EB30*,"Priscilla, son of Nigel, grandson of Bartholomew",37,22,2.5208163265306354,52206.0
243,rna.EB20*,"Trenton, son of Veronica, grandson of Nathan",52,22,2.5395918367347177,52030.0
244,rna.EB48*,"Veronica, son of Abraham, grandson of Roderick",42,24,2.479183673469411,52316.0
245,rna.EB28*,"Tobias, son of Barnaby, grandson of Mary",43,23,2.5746938775510446,52335.0
246,rna.EB49*,"Nathan, son of Alexander, grandson of Charles",51,20,2.7036734693877804,51881.0
247,rna.EB49*,"Henry, son of Angus, grandson of Peregrine",48,19,2.6024489795918613,51829.0
248,rna.EB43*,"Kristen, son of Theodore, grandson of Joseph",37,20,2.58775510204084,51615.0
249,rna.EB20*,"Jeremy, son of Barnaby, grandson of Theodore",37,20,2.576326530612269,51511.0
250,rna.EB40*,"Peter, son of Megan, grandson of Angus",38,23,2.478367346938798,51201.0
251,rna.EB18*,"Steven, son of Walter, grandson of Nichole",47,22,2.499591836734717,52263.0
252,rna.EB0*,"Herbert, son of Edmund, grandson of Aloysius",44,23,2.501224489795942,52121.0
253,rna.EB13*,"Henry, son of Carolyn, grandson of Stephen",41,20,2.4955102040816555,51171.0
254,rna.EB1*,"Trenton, son of Maria, grandson of Walter",49,23,2.480816326530635,51802.0
255,rna.EB17*,"Jeremiah, son of Samantha, grandson of Montmorency",44,26,2.4465306122449206,52941.0
256,rna.EB43*,"Margaret, son of Alastair, grandson of Isabella",41,26,2.516734693877574,53132.0
257,rna.EB47*,"Oliver, son of Calvin, grandson of Frances",47,25,2.499591836734717,52817.0
258,rna.EB11*,"Louis, son of Madison, grandson of Margaret",41,25,2.560000000000024,54038.0
259,rna.EB1*,"Simon, son of Nathan, grandson of Victor",46,22,2.585306122449004,52145.0
260,rna.EB34*,"Tobias, son of David, grandson of Nathan",39,25,2.5151020408163496,52643.0
261,rna.EB13*,"Hilary, son of Augustus, grandson of Norbert",42,22,2.4440816326530843,52463.0
262,rna.EB22*,"Barnaby, son of Valerie, grandson of Tobias",42,26,2.4318367346939005,52459.0
263,rna.EB34*,"Vincent, son of Deborah, grandson of Peter",44,25,2.527346938775534,51633.0
264,rna.EB17*,"Joel, son of Jennifer, grandson of Edwin",42,24,2.5885714285714525,52474.0
265,rna.EB4*,"Richard, son of Jason, grandson of Helen",40,22,2.6187755102041064,52078.0
266,rna.EB43*,"Russell, son of Elaine, grandson of Jordan",46,24,2.505306122449002,52450.0
267,rna.EB19*,"John, son of Edward, grandson of Geoffrey",44,24,2.5453061224490034,52724.0
268,rna.EB46*,"Abraham, son of Teresa, grandson of William",46,25,2.581224489795942,52471.0
269,rna.EB10*,"Jessica, son of Philip, grandson of Miranda",39,27,2.626938775510228,53350.0
270,rna.EB12*,"Susan, son of Steven, grandson of Abigail",45,24,2.6122448979592083,52744.0
271,rna.EB29*,"Jessica, son of Montgomery, grandson of Nichola",42,24,2.626122448979616,52682.0
272,rna.EB29*,"Charles, son of Ronald, grandson of Terence",41,22,2.615510204081657,52127.0
273,rna.EB5*,"Jason, son of Teresa, grandson of Antoinette",43,25,2.6000000000000245,52745.0
274,rna.EB19*,"Terence, son of Philip, grandson of William",40,25,2.4432653061224716,52523.0
275,rna.EB22*,"Alfred, son of Elizabeth, grandson of Tobias",42,23,2.3755102040816545,52596.0
276,rna.EB2*,"Antoinette, son of Thomas, grandson of Joel",41,25,2.5191836734694113,52114.0
277,rna.EB15*,"Edwin, son of Jeremy, grandson of Dwight",44,25,2.5240816326530844,52095.0
278,rna.EB0*,"Kristen, son of Francesca, grandson of Joshua",45,24,2.448979591836757,52596.0
279,rna.EB36*,"Tamara, son of Sarah, grandson of Lucille",40,26,2.3991836734694103,52654.0
280,rna.EB20*,"Thomas, son of Valerie, grandson of Robert",48,27,2.4514285714285946,53570.0
281,rna.EB14*,"Andrew, son of John, grandson of Paula",48,25,2.5461224489796153,52890.0
282,rna.EB6*,"William, son of Eleanor, grandson of Bonnie",41,25,2.5510204081632892,52386.0
283,rna.EB29*,"Veronica, son of Samantha, grandson of Lucille",40,24,2.6285714285714534,52693.0
284,rna.EB46*,"James, son of Paula, grandson of Victoria",49,25,2.6261224489796158,52412.0
285,rna.EB46*,"Bridget, son of Virginia, grandson of Veronica",49,25,2.468571428571451,52924.0
286,rna.EB4*,"Angus, son of Charles, grandson of Samantha",42,24,2.349387755102062,52982.0
287,rna.EB14*,"Edwin, son of Judith, grandson of Theresa",39,22,2.4628571428571657,51899.0
288,rna.EB3*,"Jane, son of Theodore, grandson of Pauline",43,22,2.606530612244922,52026.0
289,rna.EB22*,"Herbert, son of Elizabeth, grandson of Alexander",40,24,2.607346938775534,52463.0
290,rna.EB45*,"Charles, son of Megan, grandson of Donald",48,23,2.561632653061248,52905.0
291,rna.EB37*,"Trenton, son of Russell, grandson of Ellen",48,24,2.5632653061224726,52988.0
292,rna.EB19*,"Sharon, son of Samuel, grandson of Jeremiah",45,25,2.575510204081657,53014.0
293,rna.EB42*,"Geoffrey, son of Elaine, grandson of Virginia",48,23,2.476734693877574,52457.0
294,rna.EB38*,"Mitchell, son of Arthur, grandson of Elaine",40,24,2.560000000000024,52798.0
295,rna.EB3*,"Angus, son of Stephen, grandson of Elizabeth",47,24,2.5526530612245137,53313.0
296,rna.EB37*,"Jessica, son of Lucille, grandson of Arnold",43,23,2.577959183673493,54171.0
297,rna.EB6*,"Thomas, son of Montague, grandson of Theodore",44,24,2.5983673469388,53404.0
298,rna.EB5*,"Tamara, son of Zachary, grandson of Mitchell",42,27,2.458775510204105,53078.0
299,rna.EB41*,"Elaine, son of Tamara, grandson of Zachary",41,24,2.4693877551020638,52783.0
300,rna.EB31*,"Priscilla, son of Kristen, grandson of Beverley",44,23,2.5918367346939015,52692.0
301,rna.EB11*,"Peregrine, son of Augustine, grandson of Charles",39,28,2.574693877551044,53672.0
302,rna.EB14*,"Leonard, son of Jeremiah, grandson of Thomas",51,26,2.5714285714285956,53065.0
303,rna.EB14*,"Abigail, son of Nigel, grandson of Alexandra",43,25,2.660408163265331,52878.0
304,rna.EB15*,"Virginia, son of Edward, grandson of Richard",44,27,2.6016326530612486,52732.0
305,rna.EB14*,"Eugene, son of Lucille, grandson of Nichole",40,24,2.4579591836734926,52756.0
306,rna.EB31*,"Violet, son of Tobias, grandson of Virginia",43,25,2.420408163265329,53245.0
307,rna.EB17*,"Lucille, son of Tamara, grandson of Jason",44,21,2.498775510204105,52508.0
308,rna.EB10*,"Regina, son of Abraham, grandson of Thomas",37,22,2.4848979591836966,53151.0
309,rna.EB8*,"Thomas, son of Gertrude, grandson of Jason",40,23,2.469387755102064,52656.0
310,rna.EB43*,"Theodore, son of Tobias, grandson of Helen",40,21,2.508571428571451,52454.0
311,rna.EB6*,"Eleanor, son of Bridget, grandson of Thomas",44,21,2.433469387755125,52687.0
312,rna.EB24*,"Francesco, son of Teresa, grandson of Jordan",45,23,2.545306122449003,52682.0
313,rna.EB29*,"Ellen, son of Paula, grandson of Kenneth",41,24,2.480816326530635,52866.0
314,rna.EB35*,"Geoffrey, son of Abigail, grandson of Walter",42,21,2.5404081632653295,52020.0
315,rna.EB47*,"Philippa, son of Virginia, grandson of Francesca",43,22,2.5493877551020643,52507.0
316,rna.EB21*,"Nathaniel, son of Theresa, grandson of Isabella",40,22,2.553469387755126,52955.0
317,rna.EB47*,"Michelle, son of Spencer, grandson of Spencer",41,22,2.4277551020408388,53001.0
318,rna.EB17*,"Ethel, son of Nathaniel, grandson of Montague",43,21,2.456326530612268,51927.0
319,rna.EB22*,"Leonardo, son of Nigel, grandson of Ellen",44,22,2.4293877551020637,53055.0
320,rna.EB41*,"Peter, son of Emily, grandson of Samuel",39,22,2.444897959183696,52609.0
321,rna.EB40*,"Maria, son of Dorothy, grandson of Emily",41,23,2.546938775510228,52619.0
322,rna.EB6*,"Michael, son of Philippa, grandson of Dorothy",43,23,2.530612244897983,52930.0
323,rna.EB17*,"Montague, son of Veronica, grandson of Madeline",46,25,2.4726530612245132,53446.0
324,rna.EB42*,"Calvin, son of Alan, grandson of Montgomery",38,24,2.566530612244921,52681.0
325,rna.EB41*,"Dorothy, son of Simon, grandson of Peter",42,22,2.5877551020408402,52767.0
326,rna.EB40*,"Montague, son of Augustus, grandson of Martin",44,24,2.6236734693877803,53277.0
327,rna.EB27*,"David, son of Bridget, grandson of Stephen",47,24,2.6032653061224735,53093.0
328,rna.EB19*,"Tamsin, son of Augustine, grandson of David",42,22,2.5061224489796152,52920.0
329,rna.EB11*,"Harold, son of Ethel, grandson of Jeremiah",46,21,2.4751020408163487,52423.0
330,rna.EB39*,"Daniel, son of Madeline, grandson of Barnaby",39,21,2.521632653061248,52902.0
331,rna.EB35*,"Nigel, son of Gertrude, grandson of Andrew",39,23,2.513469387755125,53061.0
332,rna.EB34*,"Nichole, son of Matthew, grandson of Theresa",43,22,2.4824489795918594,52785.0
333,rna.EB26*,"Joseph, son of Spencer, grandson of Matthew",38,21,2.4138775510204313,53012.0
334,rna.EB40*,"Bridget, son of Joseph, grandson of Spencer",44,22,2.4644897959183902,52937.0
335,rna.EB36*,"Simon, son of Nichole, grandson of Charles",38,21,2.534693877551044,53413.0
336,rna.EB24*,"Augustus, son of Michelle, grandson of Elizabeth",47,24,2.4342857142857373,53132.0
337,rna.EB49*,"Frances, son of Elizabeth, grandson of Thomas",43,24,2.4579591836734918,53343.0
338,rna.EB41*,"Terence, son of Theodore, grandson of Charles",38,21,2.5730612244898197,52724.0
339,rna.EB47*,"Stephen, son of Nichola, grandson of Daniel",45,23,2.530612244897983,53097.0
340,rna.EB41*,"Ellen, son of Daniel, grandson of Joshua",42,21,2.4187755102041035,52289.0
341,rna.EB32*,"John, son of Tamara, grandson of Raymond",50,21,2.397551020408186,52557.0
342,rna.EB9*,"Eleanor, son of Trenton, grandson of Ellen",42,23,2.41387755102043,53258.0
343,rna.EB13*,"Martin, son of Lawrence, grandson of Jessica",37,21,2.4457142857143093,52841.0
344,rna.EB30*,"Peter, son of Thomas, grandson of David",44,21,2.488163265306145,53096.0
345,rna.EB15*,"Rebecca, son of Walter, grandson of Nathaniel",37,21,2.56571428571431,52532.0
346,rna.EB48*,"Abraham, son of David, grandson of Daniel",34,21,2.488163265306145,52367.0
347,rna.EB14*,"Philip, son of Augustus, grandson of James",40,20,2.532244897959207,52749.0
348,rna.EB37*,"Tamara, son of Tamsin, grandson of Eugene",42,21,2.4702040816326774,52080.0
349,rna.EB45*,"Charles, son of Stephen, grandson of Charles",44,21,2.5493877551020643,54913.0
350,rna.EB31*,"Frederick, son of Jason, grandson of Elizabeth",38,21,2.576326530612269,52730.0
351,rna.EB42*,"Natasha, son of Philippa, grandson of Augustus",40,24,2.616326530612269,52897.0
352,rna.EB3*,"Simon, son of Margaret, grandson of Frederick",42,24,2.617959183673494,53722.0
353,rna.EB26*,"Richard, son of Alastair, grandson of Calvin",44,24,2.533877551020432,53409.0
354,rna.EB23*,"Violet, son of Terence, grandson of Mathew",48,22,2.498775510204105,53107.0
355,rna.EB38*,"Mitchell, son of Violet, grandson of Terence",48,24,2.533061224489819,52935.0
356,rna.EB18*,"Ronald, son of Mitchell, grandson of Alexander",39,23,2.5567346938775746,53664.0
357,rna.EB11*,"Sarah, son of Emily, grandson of Renee",37,21,2.5608163265306363,52681.0
358,rna.EB2*,"Aloysius, son of Zachary, grandson of Ronald",33,19,2.661224489795943,52455.0
359,rna.EB4*,"Tamara, son of Edmund, grandson of Margaret",47,22,2.531428571428595,52734.0
360,rna.EB24*,"Vincent, son of Thomas, grandson of Nathaniel",41,21,2.5314285714285947,53306.0
361,rna.EB28*,"Geoffrey, son of Judith, grandson of Francesco",42,24,2.563265306122474,53115.0
362,rna.EB1*,"Rodney, son of Isabella, grandson of Kimberly",42,23,2.526530612244922,53159.0
363,rna.EB29*,"Calvin, son of Tamsin, grandson of Nichole",48,24,2.4897959183673706,53153.0
364,rna.EB18*,"Alfred, son of Mary, grandson of James",37,22,2.490612244897983,52201.0
365,rna.EB12*,"Christine, son of Raphael, grandson of Barnaby",43,22,2.4195918367347167,53019.0
366,rna.EB13*,"Adelaida, son of Gerald, grandson of Raphael",44,21,2.3804081632653284,52727.0
367,rna.EB39*,"Regina, son of Theresa, grandson of Tamara",42,22,2.382040816326552,53310.0
368,rna.EB29*,"Catherine, son of Barnaby, grandson of Rodney",43,22,2.4693877551020638,53624.0
369,rna.EB7*,"William, son of Arnold, grandson of Michelle",38,25,2.4081632653061447,53713.0
370,rna.EB44*,"Barbara, son of Victor, grandson of Emily",37,21,2.526530612244921,52252.0
371,rna.EB41*,"Gustav, son of Francesco, grandson of Alan",37,21,2.6204081632653304,52689.0
372,rna.EB36*,"Patricia, son of Emily, grandson of Stephen",38,20,2.501224489795942,52309.0
373,rna.EB12*,"Albert, son of Raphael, grandson of Edmund",42,23,2.3771428571428785,52978.0
374,rna.EB34*,"Michele, son of Jacob, grandson of Aloysius",41,22,2.4326530612245123,52930.0
375,rna.EB40*,"Joshua, son of Donald, grandson of Daniel",43,23,2.499591836734717,52733.0
376,rna.EB11*,"Carolyn, son of Harold, grandson of Edwin",37,21,2.455510204081656,52689.0
377,rna.EB16*,"Alfred, son of Clayton, grandson of Teresa",40,19,2.528163265306146,52552.0
378,rna.EB35*,"Teresa, son of Elizabeth, grandson of Tamara",39,23,2.5338775510204314,52787.0
379,rna.EB11*,"Peter, son of John, grandson of William",44,22,2.545306122449003,52960.0
380,rna.EB8*,"Bridget, son of Barbara, grandson of Frederick",38,22,2.573877551020432,53118.0
381,rna.EB25*,"Kristen, son of Priscilla, grandson of Montgomery",39,22,2.6057142857143103,53032.0
382,rna.EB15*,"Edwin, son of Rachel, grandson of Gustav",37,22,2.6253061224490035,52875.0
383,rna.EB2*,"Herbert, son of Theresa, grandson of Rebecca",42,22,2.6457142857143103,53351.0
384,rna.EB3*,"Edward, son of Abraham, grandson of Abigail",35,21,2.4995918367347176,52855.0
385,rna.EB38*,"Augustine, son of Jessica, grandson of Alfred",42,23,2.4938775510204314,52827.0
386,rna.EB46*,"Miranda, son of Clayton, grandson of Alexandra",42,20,2.430204081632675,52988.0
387,rna.EB10*,"Mathew, son of Edward, grandson of William",41,23,2.5232653061224712,53400.0
388,rna.EB10*,"Isabella, son of Russell, grandson of Arthur",38,22,2.5436734693877785,53515.0
389,rna.EB37*,"Virginia, son of Spencer, grandson of Stephen",42,24,2.515918367346962,53429.0
390,rna.EB18*,"Edward, son of Harold, grandson of Janet",43,21,2.4465306122449206,52402.0
391,rna.EB34*,"Richard, son of Beverley, grandson of Alexandra",44,23,2.561632653061248,53091.0
392,rna.EB6*,"Samuel, son of John, grandson of Tamara",42,24,2.6857142857143113,53054.0
393,rna.EB33*,"William, son of Virginia, grandson of Samantha",38,23,2.5159183673469623,53464.0
394,rna.EB38*,"Anne, son of Kristen, grandson of Seymour",39,24,2.351836734693899,54140.0
395,rna.EB38*,"John, son of Anne, grandson of Kristen",56,25,2.3706122448979805,54079.0
396,rna.EB5*,"Nichole, son of Nathan, grandson of Edmund",43,23,2.443265306122471,52984.0
397,rna.EB38*,"Spencer, son of Rachel, grandson of Howard",39,22,2.585306122449004,53743.0
398,rna.EB31*,"Judith, son of Alan, grandson of Katrina",43,24,2.4971428571428804,55853.0
399,rna.EB24*,"Sharon, son of Ethel, grandson of Cassandra",41,24,2.5787755102041054,54357.0
400,rna.EB34*,"Benjamin, son of Anne, grandson of Virginia",42,25,2.460408163265329,53845.0
401,rna.EB46*,"Simon, son of Ronald, grandson of Ellen",50,22,2.5110204081632883,53206.0
402,rna.EB44*,"Reginald, son of Susan, grandson of Zachary",39,25,2.594285714285738,53319.0
403,rna.EB25*,"Walter, son of Reginald, grandson of Susan",42,24,2.456326530612268,53692.0
404,rna.EB34*,"Daniel, son of Abraham, grandson of Bartholomew",47,22,2.3714285714285928,53861.0
405,rna.EB35*,"Victoria, son of Alfred, grandson of Christopher",42,21,2.448979591836758,52970.0
406,rna.EB31*,"Arnold, son of Donald, grandson of Philippa",47,22,2.3951020408163486,52629.0
407,rna.EB3*,"Trenton, son of Nichole, grandson of Barbara",43,24,2.4897959183673697,53514.0
408,rna.EB28*,"Peter, son of Christine, grandson of Elizabeth",40,24,2.636734693877575,53132.0
409,rna.EB44*,"Joel, son of Thomas, grandson of Jeremy",47,22,2.4906122448979824,53277.0
410,rna.EB21*,"Tamara, son of Theodore, grandson of Frederick",39,23,2.351836734693899,53462.0
411,rna.EB20*,"William, son of Paul, grandson of Joel",47,25,2.446530612244921,53866.0
412,rna.EB17*,"Paula, son of Frederick, grandson of Jerome",43,23,2.484081632653085,53641.0
413,rna.EB7*,"Victoria, son of Kenneth, grandson of Benjamin",41,23,2.4824489795918603,53797.0
414,rna.EB15*,"Dorothy, son of Garfield, grandson of Terence",41,21,2.574693877551044,54729.0
415,rna.EB10*,"Rebecca, son of Dorothy, grandson of Garfield",39,21,2.5632653061224726,53456.0
416,rna.EB30*,"Leonardo, son of Leonardo, grandson of Alastair",46,22,2.6008163265306368,53414.0
417,rna.EB46*,"Ellen, son of Leonardo, grandson of Leonardo",38,22,2.5126530612245137,53173.0
418,rna.EB48*,"Michael, son of Raymond, grandson of Theresa",41,22,2.480816326530635,55679.0
419,rna.EB45*,"Dwight, son of Joel, grandson of Abigail",36,21,2.4522448979592064,53648.0
420,rna.EB43*,"Oliver, son of Jerome, grandson of Madison",45,23,2.5159183673469614,53600.0
421,rna.EB36*,"Theodore, son of Frances, grandson of Charles",39,21,2.4946938775510428,53209.0
422,rna.EB3*,"Barbara, son of Gustav, grandson of Howard",45,23,2.4677551020408393,53349.0
423,rna.EB48*,"Beverley, son of William, grandson of Montague",36,22,2.4979591836734922,53874.0
424,rna.EB35*,"Zachary, son of Richard, grandson of Stephen",41,23,2.4824489795918603,53278.0
425,rna.EB21*,"Joshua, son of Andrew, grandson of Raphael",40,22,2.5069387755102266,53464.0
426,rna.EB12*,"Veronica, son of Edwin, grandson of Raymond",39,23,2.420408163265328,53923.0
427,rna.EB10*,"Douglas, son of Donald, grandson of Paul",39,22,2.4824489795918594,53425.0
428,rna.EB19*,"Abigail, son of Geoffrey, grandson of Albert",43,23,2.5551020408163505,53858.0
429,rna.EB17*,"Christopher, son of Abigail, grandson of Geoffrey",40,21,2.586122448979616,53783.0
430,rna.EB33*,"Katrina, son of Daniel, grandson of Sarah",45,22,2.6522448979592084,53890.0
431,rna.EB46*,"Peter, son of William, grandson of Christopher",40,22,2.6595918367347187,53619.0
432,rna.EB25*,"Victoria, son of Virginia, grandson of Leonard",45,21,2.602448979591861,52906.0
433,rna.EB5*,"Tamara, son of Tamara, grandson of Theodore",42,22,2.5224489795918603,53968.0
434,rna.EB0*,"Theodore, son of Barbara, grandson of William",52,21,2.541224489795942,53443.0
435,rna.EB29*,"Jacob, son of Katherine, grandson of Philippa",43,21,2.561632653061248,54126.0
436,rna.EB44*,"Cassandra, son of Henry, grandson of Philip",41,24,2.555102040816351,54110.0
437,rna.EB5*,"Zachary, son of Alfred, grandson of Louis",46,22,2.3942857142857368,54329.0
438,rna.EB38*,"Carolyn, son of Franklin, grandson of Bridget",39,22,2.479183673469411,53571.0
439,rna.EB42*,"Jeffrey, son of Carolyn, grandson of Franklin",40,22,2.4865306122449207,54482.0
440,rna.EB6*,"Victor, son of Susan, grandson of Thomas",49,23,2.5436734693877794,53359.0
441,rna.EB6*,"Virginia, son of Kenneth, grandson of Louis",41,24,2.5689795918367584,53479.0
442,rna.EB46*,"David, son of Thomas, grandson of Deborah",42,21,2.6726530612245143,54308.0
443,rna.EB14*,"Jeremiah, son of Miranda, grandson of Steven",38,24,2.5248979591836966,56720.0
444,rna.EB12*,"Jeffrey, son of Jeremiah, grandson of Miranda",43,22,2.5183673469387986,54444.0
445,rna.EB26*,"Abigail, son of Edmund, grandson of Eleanor",39,23,2.5020408163265535,54132.0
446,rna.EB44*,"Amanda, son of Douglas, grandson of Valerie",46,22,2.5412244897959413,54035.0
447,rna.EB27*,"Vincent, son of Janet, grandson of Alfred",37,22,2.510204081632677,53979.0
448,rna.EB5*,"Samuel, son of Miranda, grandson of Amanda",43,24,2.5191836734694104,54137.0
449,rna.EB36*,"Calvin, son of Franklin, grandson of Veronica",40,22,2.456326530612268,54135.0
450,rna.EB5*,"Mitchell, son of Roberta, grandson of Jeremy",40,23,2.506122448979615,53877.0
451,rna.EB27*,"Bartholomew, son of Paul, grandson of Roberta",42,23,2.5436734693877794,54222.0
452,rna.EB30*,"Arthur, son of Frances, grandson of Mitchell",39,20,2.4579591836734926,53951.0
453,rna.EB31*,"Harold, son of Sarah, grandson of Andrew",40,21,2.520816326530636,53893.0
454,rna.EB23*,"Tamsin, son of Leonard, grandson of Sharon",42,21,2.534693877551044,53510.0
455,rna.EB26*,"Bartholomew, son of Christine, grandson of Geoffrey",37,20,2.506122448979615,53943.0
456,rna.EB22*,"Tamara, son of Roberta, grandson of Christine",35,19,2.4930612244898187,53046.0
457,rna.EB22*,"Eleanor, son of Samuel, grandson of Donald",40,19,2.4971428571428804,55666.0
458,rna.EB34*,"Ethel, son of Walter, grandson of Joseph",49,20,2.5036734693877785,53863.0
459,rna.EB36*,"Edward, son of Edwin, grandson of Zachary",39,19,2.582040816326554,53410.0
460,rna.EB17*,"Theodore, son of Teresa, grandson of Edwin",42,22,2.503673469387778,54174.0
461,rna.EB48*,"Paula, son of Herbert, grandson of Tamara",46,22,2.5665306122449216,53695.0
462,rna.EB39*,"Montgomery, son of Barnaby, grandson of Theodore",43,24,2.6685714285714535,54248.0
463,rna.EB4*,"Eleanor, son of Joel, grandson of Christopher",36,23,2.6293877551020652,54181.0
464,rna.EB8*,"Kristen, son of Dolores, grandson of Adelaida",47,24,2.546122448979616,54295.0
465,rna.EB4*,"Violet, son of Alexander, grandson of Simon",39,21,2.5200000000000227,54115.0
466,rna.EB19*,"Michelle, son of Theodore, grandson of Franklin",36,21,2.5363265306122686,53921.0
467,rna.EB30*,"Raphael, son of Nathan, grandson of Joel",46,21,2.5346938775510437,53882.0
468,rna.EB38*,"Katrina, son of Simon, grandson of Jacob",36,22,2.5102040816326765,54263.0
469,rna.EB11*,"Deborah, son of Jessica, grandson of Victoria",41,22,2.5224489795918608,54151.0
470,rna.EB49*,"Leonardo, son of Lawrence, grandson of Terence",42,24,2.4808163265306358,54379.0
471,rna.EB14*,"Amanda, son of Douglas, grandson of Montmorency",42,24,2.4538775510204305,54304.0
472,rna.EB15*,"Cassandra, son of Montmorency, grandson of Terence",41,21,2.534693877551044,54358.0
473,rna.EB37*,"Roberta, son of Raphael, grandson of Vincent",38,19,2.6146938775510447,53691.0
474,rna.EB33*,"Douglas, son of Daniel, grandson of Geoffrey",44,18,2.652244897959208,53325.0
475,rna.EB17*,"Louis, son of Douglas, grandson of Daniel",37,21,2.5077551020408393,54075.0
476,rna.EB12*,"Jeremiah, son of Samuel, grandson of Cassandra",41,23,2.5689795918367584,53925.0
477,rna.EB20*,"Francesca, son of Virginia, grandson of Virginia",36,22,2.5673469387755343,54162.0
478,rna.EB23*,"Montague, son of Martin, grandson of Douglas",40,23,2.6302040816326775,54553.0
479,rna.EB48*,"Mathew, son of Montgomery, grandson of Herbert",41,23,2.5469387755102284,54924.0
480,rna.EB41*,"Stephen, son of Angus, grandson of Montague",42,23,2.444081632653084,53948.0
481,rna.EB4*,"William, son of Susan, grandson of Montgomery",43,23,2.4848979591836957,54633.0
482,rna.EB22*,"Gerald, son of Bonnie, grandson of Teresa",42,23,2.5608163265306363,54866.0
483,rna.EB13*,"Nichole, son of Janice, grandson of Donald",37,19,2.5110204081632888,53889.0
484,rna.EB39*,"Howard, son of Frances, grandson of Howard",40,22,2.4710204081632883,54703.0
485,rna.EB49*,"Stephen, son of Thomas, grandson of Edwin",43,22,2.4432653061224716,54982.0
486,rna.EB29*,"Geoffrey, son of Janice, grandson of Howard",40,22,2.5281632653061457,54088.0
487,rna.EB34*,"Theodore, son of Victor, grandson of Henry",42,22,2.5420408163265544,54218.0
488,rna.EB24*,"Tamara, son of Dominic, grandson of Hilary",42,22,2.4448979591836957,54131.0
489,rna.EB46*,"Michael, son of Tamara, grandson of Dominic",44,22,2.498775510204105,56080.0
490,rna.EB7*,"Bartholomew, son of Aloysius, grandson of Aloysius",44,22,2.4734693877551255,54121.0
491,rna.EB5*,"Thomas, son of Susan, grandson of Nathan",42,22,2.521632653061248,54201.0
492,rna.EB46*,"Harold, son of Margaret, grandson of Theodore",41,21,2.567346938775534,54294.0
493,rna.EB1*,"Bonnie, son of Margaret, grandson of Jane",35,20,2.527346938775534,53938.0
494,rna.EB26*,"Katrina, son of Raymond, grandson of Theresa",39,19,2.3444897959183892,54724.0
495,rna.EB43*,"Madison, son of Emily, grandson of Dominick",39,23,2.4130612244898186,54270.0
496,rna.EB13*,"Gerald, son of Pauline, grandson of Miranda",42,23,2.465306122449002,54134.0
497,rna.EB6*,"Jeremiah, son of Paul, grandson of Joel",42,22,2.516734693877574,54187.0
498,rna.EB41*,"Zachary, son of Vincent, grandson of Paul",42,22,2.5763265306122696,54104.0
499,rna.EB32*,"Howard, son of Elizabeth, grandson of Joel",42,23,2.577142857142881,54677.0
500,rna.EB14*,"Valerie, son of Madison, grandson of Francesca",38,22,2.6089795918367593,53911.0
501,rna.EB7*,"Anne, son of Michael, grandson of Jennifer",40,22,2.6155102040816574,54336.0
502,rna.EB32*,"Clayton, son of Geoffrey, grandson of Kristen",44,22,2.4857142857143097,54013.0
503,rna.EB37*,"Alfred, son of Margaret, grandson of Joseph",39,21,2.560816326530636,54099.0
504,rna.EB42*,"Christopher, son of Daniel, grandson of Amanda",38,20,2.621224489795943,54339.0
505,rna.EB37*,"Nicholas, son of Janice, grandson of Andrew",38,21,2.5616326530612477,54661.0
506,rna.EB33*,"Jeremy, son of Nicholas, grandson of Janice",41,21,2.5061224489796143,54554.0
507,rna.EB4*,"Charles, son of James, grandson of Nicholas",42,21,2.47510204081635,54553.0
508,rna.EB0*,"Gertrude, son of Regina, grandson of Herbert",38,23,2.549387755102064,54691.0
509,rna.EB48*,"Margaret, son of Zachary, grandson of Edward",42,21,2.529795918367371,54438.0
510,rna.EB1*,"Elizabeth, son of Joel, grandson of Zachary",42,21,2.549387755102064,54081.0
511,rna.EB0*,"Ethel, son of Mathew, grandson of Arnold",37,19,2.5934693877551256,53985.0
512,rna.EB24*,"Bridget, son of Alastair, grandson of Antoinette",38,20,2.51510204081635,53996.0
513,rna.EB22*,"Violet, son of Hilary, grandson of Thomas",40,22,2.425306122449002,54425.0
514,rna.EB46*,"James, son of Abigail, grandson of Montague",43,21,2.440816326530635,54708.0
515,rna.EB48*,"Vincent, son of Montmorency, grandson of Emily",42,19,2.5224489795918603,54161.0
516,rna.EB4*,"Bridget, son of Vincent, grandson of Montmorency",36,21,2.567346938775534,54612.0
517,rna.EB39*,"Alexander, son of Raymond, grandson of Ronald",38,21,2.6008163265306368,54573.0
518,rna.EB4*,"Philippa, son of Simon, grandson of Katherine",36,22,2.575510204081657,54206.0
519,rna.EB0*,"Montgomery, son of Isabella, grandson of Tobias",40,22,2.6334693877551265,54387.0
520,rna.EB10*,"Roberta, son of Anthony, grandson of Helen",42,21,2.5828571428571667,53927.0
521,rna.EB28*,"Jane, son of Terence, grandson of Jordan",36,20,2.500408163265329,54163.0
522,rna.EB11*,"Michele, son of Thomas, grandson of Terence",37,19,2.3640816326530842,54685.0
523,rna.EB8*,"Theodore, son of Janet, grandson of Terence",39,17,2.4595918367347167,53503.0
524,rna.EB36*,"William, son of Valerie, grandson of Albert",38,20,2.5151020408163496,54687.0
525,rna.EB43*,"Percival, son of Virginia, grandson of Jerome",47,20,2.5910204081632897,54092.0
526,rna.EB10*,"Paula, son of Montmorency, grandson of Montmorency",54,21,2.6106122448979834,54501.0
527,rna.EB29*,"Michelle, son of Christopher, grandson of Judith",46,20,2.4791836734694104,53577.0
528,rna.EB34*,"Thomas, son of Simon, grandson of Katrina",44,21,2.463673469387778,53990.0
529,rna.EB29*,"Terence, son of Calvin, grandson of Walter",42,22,2.481632653061248,54896.0
530,rna.EB35*,"Alfred, son of Dorothy, grandson of Dominic",41,21,2.506938775510227,54479.0
531,rna.EB31*,"Frances, son of Katherine, grandson of Steven",43,23,2.54775510204084,55041.0
532,rna.EB32*,"Peter, son of Natasha, grandson of Frances",36,19,2.578775510204105,54123.0
533,rna.EB35*,"Samuel, son of Joshua, grandson of Josephine",44,20,2.4669387755102274,54828.0
534,rna.EB46*,"Rachel, son of Tamsin, grandson of Rachel",45,22,2.560816326530636,55056.0
535,rna.EB17*,"David, son of Samuel, grandson of Trenton",42,23,2.4612244897959417,54556.0
536,rna.EB48*,"Theodore, son of Victor, grandson of William",42,20,2.4718367346938996,54116.0
537,rna.EB47*,"Virginia, son of Walter, grandson of Martin",43,23,2.4228571428571652,55410.0
538,rna.EB24*,"Jeremiah, son of Augustine, grandson of Zachary",43,24,2.385306122449001,54805.0
539,rna.EB0*,"Robert, son of Oliver, grandson of Geoffrey",47,22,2.4710204081632887,55042.0
540,rna.EB43*,"Michael, son of Alan, grandson of Patricia",35,21,2.544489795918391,54375.0
541,rna.EB25*,"Percival, son of Jordan, grandson of Montgomery",44,23,2.5583673469387995,54895.0
542,rna.EB40*,"Herbert, son of Harold, grandson of Ronald",37,24,2.5151020408163496,54986.0
543,rna.EB18*,"Victor, son of Kristen, grandson of Ronald",53,22,2.4767346938775736,54109.0
544,rna.EB33*,"Lawrence, son of Natasha, grandson of Herbert",45,22,2.5134693877551255,54516.0
545,rna.EB34*,"Tamsin, son of Paul, grandson of Theodore",44,24,2.5575510204081873,54864.0
546,rna.EB45*,"Paula, son of Katrina, grandson of Dorothy",47,25,2.5167346938775736,55705.0
547,rna.EB41*,"Clayton, son of Daniel, grandson of Jennifer",48,22,2.5681632653061466,54444.0
548,rna.EB41*,"Virginia, son of Mathew, grandson of Joel",44,23,2.563265306122473,55071.0
549,rna.EB13*,"Arthur, son of Nichole, grandson of James",37,22,2.5730612244898197,54587.0
550,rna.EB40*,"Barbara, son of Maria, grandson of Madison",40,19,2.5469387755102275,54737.0
551,rna.EB33*,"Raphael, son of James, grandson of Arthur",50,21,2.43510204081635,54303.0
552,rna.EB33*,"Pauline, son of Tamara, grandson of Francesca",37,18,2.385306122449001,54210.0
553,rna.EB11*,"Madison, son of Jeffrey, grandson of Mathew",39,22,2.416326530612267,55275.0
554,rna.EB39*,"Mathew, son of Gertrude, grandson of Jacob",44,21,2.524081632653085,54721.0
555,rna.EB39*,"Roberta, son of Alastair, grandson of Joel",43,22,2.586122448979616,55249.0
556,rna.EB8*,"Montmorency, son of Alfred, grandson of Theresa",44,23,2.5314285714285956,55272.0
557,rna.EB42*,"Margaret, son of Tamara, grandson of Renee",48,24,2.5714285714285956,55096.0
558,rna.EB5*,"Alfred, son of Steven, grandson of Edward",39,22,2.6171428571428814,54896.0
559,rna.EB1*,"Roderick, son of Veronica, grandson of Angus",45,23,2.615510204081657,55402.0
560,rna.EB42*,"Jerome, son of Priscilla, grandson of Victor",45,24,2.577142857142881,55280.0
561,rna.EB17*,"Walter, son of Beverley, grandson of Gustav",43,23,2.4408163265306344,55594.0
562,rna.EB11*,"Albert, son of Theresa, grandson of Geoffrey",44,24,2.4416326530612467,55155.0
563,rna.EB42*,"Reginald, son of Rodney, grandson of Theodore",48,23,2.5404081632653295,55410.0
564,rna.EB42*,"Samuel, son of Daniel, grandson of Clayton",43,24,2.578775510204105,55883.0
565,rna.EB25*,"Vincent, son of Edmund, grandson of Tamsin",43,22,2.517551020408187,55306.0
566,rna.EB39*,"William, son of Francesco, grandson of Franklin",47,23,2.4032653061224716,55184.0
567,rna.EB11*,"Virginia, son of Jeffrey, grandson of Amanda",47,26,2.4195918367347162,56274.0
568,rna.EB11*,"Joseph, son of Geoffrey, grandson of Teresa",42,24,2.450612244897982,55687.0
569,rna.EB1*,"Emily, son of Douglas, grandson of Montgomery",49,23,2.5044897959183907,55094.0
570,rna.EB38*,"Alexandra, son of Tamsin, grandson of Oliver",40,24,2.481632653061247,55075.0
571,rna.EB45*,"Edwin, son of Arthur, grandson of Gerald",43,25,2.435102040816349,55773.0
572,rna.EB1*,"Judith, son of Seymour, grandson of Daniel",40,24,2.5102040816326756,55415.0
573,rna.EB24*,"Ronald, son of Regina, grandson of Clayton",47,26,2.558367346938799,55460.0
574,rna.EB9*,"Francis, son of Maria, grandson of Leonard",49,22,2.5224489795918608,55289.0
575,rna.EB4*,"Edmund, son of Alexander, grandson of Terence",42,24,2.475918367346962,55600.0
576,rna.EB18*,"Janice, son of Edmund, grandson of Alexander",40,19,2.4179591836734917,54522.0
577,rna.EB1*,"Daniel, son of Dominic, grandson of Steven",39,19,2.564897959183697,54818.0
578,rna.EB36*,"Jordan, son of Stephen, grandson of Thomas",39,20,2.549387755102065,54673.0
579,rna.EB20*,"Sharon, son of Jessica, grandson of Steven",41,22,2.5346938775510446,54976.0
580,rna.EB10*,"Theodore, son of Janet, grandson of Isabella",43,19,2.4661224489796156,54463.0
581,rna.EB31*,"Tobias, son of Gregory, grandson of Amanda",43,19,2.510204081632676,54500.0
582,rna.EB8*,"Ronald, son of Arnold, grandson of Gregory",41,21,2.526530612244921,55048.0
583,rna.EB15*,"Kristen, son of Tobias, grandson of Tobias",41,23,2.465306122449003,55110.0
584,rna.EB5*,"Pauline, son of Victoria, grandson of Robert",49,25,2.3787755102041035,55823.0
585,rna.EB21*,"Roberta, son of Harold, grandson of Renee",48,26,2.4448979591836966,55723.0
586,rna.EB22*,"Zachary, son of Bonnie, grandson of Howard",51,23,2.491428571428594,55335.0
587,rna.EB4*,"Sharon, son of Andrew, grandson of Deborah",42,22,2.5224489795918603,54908.0
588,rna.EB11*,"Teresa, son of Spencer, grandson of Tamsin",45,22,2.5485714285714525,55347.0
589,rna.EB27*,"Anthony, son of Teresa, grandson of Spencer",41,24,2.560000000000024,55316.0
590,rna.EB10*,"Janet, son of Oliver, grandson of Peregrine",45,23,2.539591836734717,55329.0
591,rna.EB11*,"Oliver, son of Francesca, grandson of Elizabeth",40,21,2.5257142857143084,55173.0
592,rna.EB5*,"Abraham, son of William, grandson of Megan",45,24,2.538775510204105,55178.0
593,rna.EB27*,"Natasha, son of Richard, grandson of Francesca",42,22,2.589387755102065,55547.0
594,rna.EB42*,"Margaret, son of Elaine, grandson of Dorothy",41,23,2.563265306122472,55241.0
595,rna.EB44*,"Andrew, son of Madeline, grandson of Percival",41,24,2.524897959183697,55179.0
596,rna.EB29*,"Vincent, son of Margaret, grandson of Vincent",43,23,2.5477551020408398,54997.0
597,rna.EB10*,"Gerald, son of Trenton, grandson of Kristen",37,24,2.5428571428571662,55907.0
598,rna.EB32*,"Steven, son of Rachel, grandson of Matthew",45,24,2.608979591836759,54992.0
599,rna.EB15*,"Pauline, son of Arthur, grandson of Peregrine",34,22,2.6065306122449226,55409.0
600,rna.EB11*,"Spencer, son of Geoffrey, grandson of Roberta",39,25,2.5885714285714534,55915.0
601,rna.EB28*,"Anthony, son of Mathew, grandson of Kimberly",40,26,2.558367346938799,56055.0
602,rna.EB18*,"Garfield, son of Veronica, grandson of Edward",44,22,2.4800000000000226,54950.0
603,rna.EB12*,"Tamsin, son of Paul, grandson of Mary",46,26,2.498775510204106,55860.0
604,rna.EB40*,"Sharon, son of Roderick, grandson of Frederick",41,25,2.4979591836734922,55846.0
605,rna.EB42*,"Calvin, son of Gustav, grandson of Raphael",43,25,2.588571428571453,55877.0
606,rna.EB35*,"Reginald, son of Joshua, grandson of Gustav",37,22,2.5657142857143103,55432.0
607,rna.EB39*,"Geoffrey, son of Douglas, grandson of Arnold",45,23,2.4563265306122677,55311.0
608,rna.EB2*,"Andrew, son of Steven, grandson of Victoria",44,24,2.4538775510204305,55967.0
609,rna.EB47*,"Mathew, son of Hilary, grandson of Bonnie",43,21,2.5126530612245124,55053.0
610,rna.EB34*,"Mitchell, son of John, grandson of Tamsin",41,21,2.533877551020432,54535.0
611,rna.EB8*,"Edwin, son of Garfield, grandson of Oliver",37,18,2.6048979591836976,54255.0
612,rna.EB46*,"Susan, son of Susan, grandson of Howard",39,19,2.6448979591836976,54620.0
613,rna.EB16*,"Edmund, son of Jeremy, grandson of Frances",56,22,2.574693877551045,55172.0
614,rna.EB39*,"William, son of William, grandson of Regina",38,24,2.555102040816349,55360.0
615,rna.EB45*,"Theodore, son of Donald, grandson of Edmund",47,20,2.4824489795918594,54516.0
616,rna.EB22*,"Theodore, son of Paul, grandson of Kimberly",43,23,2.444897959183696,55474.0
617,rna.EB4*,"Geoffrey, son of John, grandson of Clayton",41,23,2.3983673469387976,55580.0
618,rna.EB30*,"Ellen, son of Nathaniel, grandson of Veronica",46,25,2.4669387755102274,55035.0
619,rna.EB13*,"Gertrude, son of Emily, grandson of Seymour",55,24,2.559183673469412,55625.0
620,rna.EB36*,"Kristen, son of Arthur, grandson of Geoffrey",38,22,2.664489795918392,55429.0
621,rna.EB12*,"Andrew, son of Peregrine, grandson of Isabella",45,22,2.520000000000023,55444.0
622,rna.EB5*,"John, son of Donald, grandson of William",37,21,2.5975510204081873,55344.0
623,rna.EB36*,"Victor, son of Natasha, grandson of Christopher",47,24,2.596734693877575,55598.0
624,rna.EB38*,"Oliver, son of Steven, grandson of Montmorency",44,23,2.5697959183673715,56075.0
625,rna.EB8*,"Kenneth, son of Stephen, grandson of Francis",42,21,2.550204081632677,55250.0
626,rna.EB42*,"Francesco, son of Jordan, grandson of Ethel",43,23,2.5428571428571667,55535.0
627,rna.EB34*,"Kimberly, son of Francis, grandson of Elizabeth",45,23,2.5706122448979833,55709.0
628,rna.EB27*,"Megan, son of Dorothy, grandson of Francis",37,22,2.491428571428594,54953.0
629,rna.EB13*,"Janice, son of Alastair, grandson of Roderick",45,22,2.564081632653085,56081.0
630,rna.EB26*,"Madison, son of Janice, grandson of Alastair",42,21,2.423673469387777,54956.0
631,rna.EB4*,"Montmorency, son of Norbert, grandson of Michele",46,23,2.4693877551020633,54937.0
632,rna.EB49*,"Thomas, son of Walter, grandson of Kimberly",38,22,2.5967346938775755,55834.0
633,rna.EB11*,"Renee, son of Nigel, grandson of Leonard",48,22,2.562448979591861,55322.0
634,rna.EB9*,"Emily, son of Gregory, grandson of Terence",42,22,2.533877551020432,55589.0
635,rna.EB47*,"Eleanor, son of Mary, grandson of Janet",47,24,2.535510204081656,56361.0
636,rna.EB12*,"Elizabeth, son of Violet, grandson of Miranda",42,25,2.555918367346963,56328.0
637,rna.EB10*,"Veronica, son of Deborah, grandson of Teresa",44,23,2.545306122449003,55943.0
638,rna.EB16*,"Lucille, son of Nigel, grandson of Vincent",43,22,2.586122448979616,55759.0
639,rna.EB45*,"Andrew, son of Theresa, grandson of Trenton",42,20,2.548571428571452,55553.0
640,rna.EB41*,"William, son of Anne, grandson of Peregrine",42,25,2.537142857142881,56043.0
641,rna.EB7*,"Dominic, son of Mary, grandson of Virginia",42,23,2.516734693877574,56002.0
642,rna.EB15*,"Victor, son of Daniel, grandson of Leonardo",34,18,2.527346938775533,56012.0
643,rna.EB11*,"Violet, son of Barnaby, grandson of Reginald",43,23,2.5738775510204324,55215.0
644,rna.EB23*,"Nigel, son of Walter, grandson of Geoffrey",41,23,2.5379591836734927,55806.0
645,rna.EB20*,"Antoinette, son of Abigail, grandson of Steven",42,23,2.429387755102063,56181.0
646,rna.EB4*,"Franklin, son of Nichole, grandson of Theresa",40,22,2.3151020408163476,56394.0
647,rna.EB42*,"Amanda, son of Leonard, grandson of Anne",42,21,2.4024489795918584,56037.0
648,rna.EB39*,"Sharon, son of Amanda, grandson of Leonard",50,24,2.505306122449003,55862.0
649,rna.EB20*,"Gustav, son of Tobias, grandson of Judith",40,25,2.360000000000023,56021.0
650,rna.EB46*,"Kimberly, son of Henry, grandson of Elizabeth",52,24,2.499591836734717,56409.0
651,rna.EB3*,"William, son of Megan, grandson of Tamsin",46,25,2.5004081632653294,56340.0
652,rna.EB33*,"Tamsin, son of Zachary, grandson of Ethel",39,25,2.465306122449003,56110.0
653,rna.EB15*,"Terence, son of Tamsin, grandson of Zachary",42,24,2.4759183673469622,56270.0
654,rna.EB5*,"Helen, son of Samuel, grandson of Rachel",43,22,2.5493877551020647,56210.0
655,rna.EB38*,"Jacob, son of Clayton, grandson of Donald",37,22,2.493061224489819,56136.0
656,rna.EB27*,"Antoinette, son of William, grandson of Carolyn",44,23,2.544489795918391,55538.0
657,rna.EB42*,"Percival, son of Helen, grandson of Louis",43,23,2.468571428571451,55426.0
658,rna.EB48*,"Samuel, son of Tamara, grandson of Antoinette",43,25,2.4930612244898183,56395.0
659,rna.EB11*,"Walter, son of Barbara, grandson of Jeremiah",38,23,2.5844897959183912,56076.0
660,rna.EB31*,"Augustus, son of John, grandson of Sharon",50,26,2.604081632653085,56809.0
661,rna.EB1*,"Mitchell, son of Alfred, grandson of Edwin",45,24,2.5069387755102266,55772.0
662,rna.EB11*,"Abigail, son of Robert, grandson of Stephen",43,24,2.4538775510204305,56155.0
663,rna.EB43*,"Montgomery, son of Alexander, grandson of Virginia",39,24,2.444897959183696,56134.0
664,rna.EB28*,"Walter, son of Renee, grandson of Abigail",48,23,2.4008163265306344,55710.0
665,rna.EB46*,"Percival, son of Michelle, grandson of Charles",43,22,2.5265306122449207,56055.0
666,rna.EB34*,"William, son of Kimberly, grandson of Priscilla",44,26,2.5044897959183903,56868.0
667,rna.EB36*,"Alfred, son of Steven, grandson of Steven",43,25,2.479183673469411,55811.0
668,rna.EB20*,"Jennifer, son of William, grandson of Abraham",47,23,2.4595918367347167,56409.0
669,rna.EB43*,"Frederick, son of Rebecca, grandson of Janet",43,24,2.514285714285737,55232.0
670,rna.EB46*,"Francesca, son of Lawrence, grandson of Teresa",43,24,2.5918367346939024,56015.0
671,rna.EB46*,"Russell, son of Leonardo, grandson of Augustus",45,24,2.5077551020408406,56632.0
672,rna.EB24*,"Anthony, son of Oliver, grandson of Ronald",40,22,2.5469387755102275,56071.0
673,rna.EB2*,"Frederick, son of Jeremiah, grandson of Violet",41,25,2.5338775510204314,56312.0
674,rna.EB45*,"Victor, son of William, grandson of Charles",43,22,2.493061224489819,55905.0
675,rna.EB43*,"Mary, son of Ethel, grandson of Vincent",42,21,2.5044897959183907,55735.0
676,rna.EB41*,"Ronald, son of Philip, grandson of Jeremy",40,21,2.549387755102064,55727.0
677,rna.EB10*,"Stephen, son of Judith, grandson of Sharon",52,23,2.5616326530612477,55912.0
678,rna.EB47*,"Alan, son of Peter, grandson of Michele",42,21,2.480000000000023,56799.0
679,rna.EB5*,"Paul, son of Alan, grandson of Peter",44,26,2.4644897959183893,56665.0
680,rna.EB48*,"Gerald, son of Franklin, grandson of Ellen",43,21,2.4065306122449206,56038.0
681,rna.EB2*,"Gertrude, son of Virginia, grandson of Josephine",43,21,2.620408163265331,55967.0
682,rna.EB30*,"Tobias, son of Francesco, grandson of Richard",49,20,2.5828571428571667,55274.0
683,rna.EB6*,"Douglas, son of Carolyn, grandson of Valerie",40,20,2.536326530612268,55408.0
684,rna.EB47*,"Virginia, son of Walter, grandson of Michael",47,24,2.384489795918389,57115.0
685,rna.EB11*,"Gustav, son of Kristen, grandson of William",42,22,2.3918367346938996,56217.0
686,rna.EB30*,"Jeffrey, son of Garfield, grandson of Albert",44,23,2.4563265306122677,56445.0
687,rna.EB49*,"Antoinette, son of Frederick, grandson of Kimberly",37,21,2.5191836734694113,55790.0
688,rna.EB4*,"Thomas, son of Janet, grandson of Megan",54,23,2.5012244897959413,56310.0
689,rna.EB49*,"Bridget, son of Christopher, grandson of Antoinette",37,22,2.48979591836737,56448.0
690,rna.EB35*,"Andrew, son of Edward, grandson of Jeremy",41,19,2.431020408163288,57453.0
691,rna.EB36*,"Eugene, son of John, grandson of Lucille",42,22,2.5412244897959413,56240.0
692,rna.EB22*,"Tamsin, son of Christine, grandson of John",38,20,2.4873469387755334,55728.0
693,rna.EB3*,"Vincent, son of Elizabeth, grandson of Bartholomew",44,20,2.5983673469388004,55586.0
694,rna.EB37*,"Violet, son of Janet, grandson of Hilary",37,21,2.6155102040816574,55923.0
695,rna.EB35*,"Veronica, son of Michael, grandson of Matthew",40,24,2.551836734693902,56252.0
696,rna.EB31*,"Percival, son of Alexandra, grandson of Bonnie",41,23,2.4669387755102274,56456.0
697,rna.EB16*,"Daniel, son of Percival, grandson of Alexandra",44,22,2.545306122449003,56384.0
698,rna.EB18*,"Virginia, son of Howard, grandson of Patricia",37,22,2.505306122449002,56031.0
699,rna.EB42*,"Stephen, son of Stephen, grandson of Augustine",42,21,2.5044897959183907,56185.0
700,rna.EB13*,"Abraham, son of Christopher, grandson of William",37,20,2.4759183673469614,55597.0
701,rna.EB10*,"Peregrine, son of Edwin, grandson of Steven",39,23,2.5273469387755343,56480.0
702,rna.EB4*,"Antoinette, son of Jacob, grandson of Katherine",44,23,2.5240816326530844,56090.0
703,rna.EB2*,"Anne, son of Robert, grandson of Lucille",41,20,2.607346938775534,55623.0
704,rna.EB29*,"Nathaniel, son of Raphael, grandson of Vincent",45,22,2.5951020408163505,56395.0
705,rna.EB5*,"Donald, son of Priscilla, grandson of Natasha",38,23,2.5681632653061466,56874.0
706,rna.EB28*,"Victor, son of Margaret, grandson of Veronica",41,24,2.515918367346962,57310.0
707,rna.EB39*,"Raphael, son of Alfred, grandson of Theresa",43,23,2.4971428571428804,56957.0
708,rna.EB29*,"Edward, son of Edwin, grandson of Mitchell",43,21,2.5395918367347177,56460.0
709,rna.EB15*,"Stephen, son of Virginia, grandson of Victoria",46,23,2.364081632653084,56363.0
710,rna.EB4*,"Rodney, son of Stephen, grandson of Samantha",37,20,2.429387755102063,55601.0
711,rna.EB17*,"Hilary, son of Ellen, grandson of Josephine",40,23,2.5118367346939006,55773.0
712,rna.EB35*,"William, son of Dorothy, grandson of Jerome",47,23,2.483265306122472,56474.0
713,rna.EB33*,"Steven, son of Jessica, grandson of Ellen",39,23,2.511020408163288,57047.0
714,rna.EB36*,"Dwight, son of Katrina, grandson of William",43,26,2.468571428571452,57309.0
715,rna.EB19*,"Geoffrey, son of Margaret, grandson of Edmund",50,24,2.4212244897959407,56763.0
716,rna.EB29*,"Anne, son of Nathan, grandson of Dorothy",49,24,2.5893877551020648,56855.0
717,rna.EB4*,"Victor, son of Elaine, grandson of Bridget",45,22,2.5355102040816564,55773.0
718,rna.EB13*,"Nicholas, son of Mitchell, grandson of Virginia",45,23,2.5085714285714515,56639.0
719,rna.EB2*,"Michelle, son of Dominic, grandson of Alfred",42,22,2.5093877551020642,56322.0
720,rna.EB10*,"Catherine, son of Edward, grandson of Theodore",43,21,2.49714285714288,55765.0
721,rna.EB38*,"Amanda, son of Daniel, grandson of Michelle",50,23,2.5175510204081863,56395.0
722,rna.EB18*,"Margaret, son of Josephine, grandson of Teresa",48,25,2.4318367346938996,56504.0
723,rna.EB18*,"Rebecca, son of Regina, grandson of Alfred",47,23,2.485714285714309,56789.0
724,rna.EB26*,"Edwin, son of Violet, grandson of Walter",51,25,2.5534693877551256,56754.0
725,rna.EB35*,"Joseph, son of Michelle, grandson of Leonardo",42,22,2.5420408163265544,56858.0
726,rna.EB35*,"Anthony, son of Jordan, grandson of Jeremiah",45,21,2.5428571428571667,55331.0
727,rna.EB37*,"Franklin, son of Sharon, grandson of Jeremy",44,26,2.484081632653084,56381.0
728,rna.EB16*,"Gerald, son of Bartholomew, grandson of Veronica",41,23,2.4008163265306353,56484.0
729,rna.EB25*,"Geoffrey, son of Michael, grandson of Jordan",53,25,2.4383673469387985,58884.0
730,rna.EB47*,"Antoinette, son of Alexandra, grandson of Jerome",43,20,2.493061224489819,56393.0
731,rna.EB22*,"Virginia, son of Nichola, grandson of Gregory",48,21,2.5167346938775736,56456.0
732,rna.EB9*,"Montague, son of Anthony, grandson of William",43,23,2.5836734693877794,56077.0
733,rna.EB6*,"Garfield, son of Montague, grandson of Anthony",45,22,2.619591836734718,56354.0
734,rna.EB4*,"Edwin, son of Janet, grandson of Zachary",47,22,2.511020408163289,56389.0
735,rna.EB24*,"Violet, son of Pauline, grandson of Jane",45,23,2.543673469387778,56952.0
736,rna.EB16*,"Albert, son of Zachary, grandson of Tobias",44,20,2.546938775510228,56113.0
737,rna.EB43*,"Frederick, son of Regina, grandson of Zachary",38,19,2.445714285714309,55009.0
738,rna.EB39*,"Thomas, son of Kimberly, grandson of Valerie",38,19,2.43918367346941,55886.0
739,rna.EB25*,"Dorothy, son of Valerie, grandson of Janice",39,22,2.502857142857166,55000.0
740,rna.EB33*,"Trenton, son of Dorothy, grandson of Valerie",39,23,2.6310204081632897,55530.0
741,rna.EB24*,"Paul, son of Emily, grandson of Charles",37,22,2.5526530612245133,55826.0
742,rna.EB18*,"James, son of Abraham, grandson of Tamara",38,22,2.536326530612268,55575.0
743,rna.EB28*,"Trenton, son of Sarah, grandson of Alan",43,24,2.4824489795918594,56154.0
744,rna.EB24*,"Edward, son of Maria, grandson of Rebecca",44,22,2.5012244897959413,56662.0
745,rna.EB28*,"James, son of Jessica, grandson of Russell",44,21,2.5975510204081873,55558.0
746,rna.EB1*,"Garfield, son of Isabella, grandson of William",42,23,2.503673469387779,56296.0
747,rna.EB0*,"Virginia, son of Terence, grandson of James",42,22,2.4555102040816545,56454.0
748,rna.EB49*,"Janet, son of Lawrence, grandson of Thomas",50,26,2.4734693877551246,59254.0
749,rna.EB27*,"Ronald, son of Kimberly, grandson of Virginia",39,21,2.4946938775510437,55546.0
750,rna.EB21*,"Madison, son of Ronald, grandson of Kimberly",43,25,2.3967346938775735,56771.0
751,rna.EB47*,"Jennifer, son of Virginia, grandson of Herbert",49,24,2.4138775510204304,57043.0
752,rna.EB37*,"Elizabeth, son of Emily, grandson of Katherine",48,24,2.5828571428571667,56731.0
753,rna.EB2*,"Antoinette, son of Madison, grandson of Antoinette",45,24,2.5559183673469623,56781.0
754,rna.EB20*,"Terence, son of John, grandson of Edward",40,22,2.5200000000000236,56551.0
755,rna.EB13*,"Gustav, son of Simon, grandson of Virginia",36,21,2.5020408163265544,55806.0
756,rna.EB33*,"James, son of Francesco, grandson of William",42,23,2.485714285714309,55094.0
757,rna.EB29*,"Teresa, son of Nicholas, grandson of Charles",42,22,2.4285714285714515,55762.0
758,rna.EB17*,"Arnold, son of Virginia, grandson of Robert",38,23,2.4155102040816545,57207.0
759,rna.EB12*,"Percival, son of Jacob, grandson of Teresa",46,21,2.52979591836737,56760.0
760,rna.EB17*,"Maria, son of Stephen, grandson of Jeremiah",42,26,2.4791836734694113,57099.0
761,rna.EB5*,"Andrew, son of Henry, grandson of Stephen",42,24,2.4538775510204314,57114.0
762,rna.EB24*,"Susan, son of Christine, grandson of Maria",50,24,2.4522448979592064,56938.0
763,rna.EB8*,"Antoinette, son of Pauline, grandson of Montgomery",38,20,2.52244897959186,56680.0
764,rna.EB25*,"Renee, son of Angus, grandson of Alastair",43,23,2.480000000000024,54720.0
765,rna.EB48*,"Thomas, son of John, grandson of Jessica",40,22,2.4734693877551246,55340.0
766,rna.EB38*,"Theodore, son of Terence, grandson of Angus",47,24,2.4383673469387976,56386.0
767,rna.EB46*,"William, son of Raphael, grandson of Pauline",45,24,2.426938775510226,57396.0
768,rna.EB13*,"Alexandra, son of Elaine, grandson of Theodore",47,25,2.5012244897959413,56734.0
769,rna.EB23*,"Ellen, son of Veronica, grandson of Lucille",47,25,2.5036734693877785,57692.0
770,rna.EB0*,"David, son of Alexandra, grandson of Paula",43,22,2.543673469387778,56967.0
771,rna.EB30*,"Elaine, son of Beverley, grandson of Steven",42,23,2.5730612244898197,57008.0
772,rna.EB31*,"Trenton, son of Theresa, grandson of Rodney",41,25,2.520000000000024,57151.0
773,rna.EB45*,"Terence, son of Teresa, grandson of Alan",43,22,2.536326530612268,56758.0
774,rna.EB44*,"Pauline, son of Paula, grandson of Nichola",46,21,2.70367346938778,56278.0
775,rna.EB26*,"Gertrude, son of Theodore, grandson of Cassandra",41,23,2.727346938775536,56343.0
776,rna.EB42*,"Bartholomew, son of Thomas, grandson of Eugene",47,22,2.4995918367347167,56115.0
777,rna.EB24*,"Anne, son of Madeline, grandson of Eugene",48,23,2.4187755102041044,57280.0
778,rna.EB24*,"Bartholomew, son of Jeremiah, grandson of Victoria",42,24,2.5510204081632883,56253.0
779,rna.EB23*,"Jessica, son of Bartholomew, grandson of Jeremiah",52,24,2.544489795918391,57277.0
780,rna.EB17*,"Jeremy, son of Edwin, grandson of Douglas",47,25,2.5534693877551264,57583.0
781,rna.EB26*,"Stephen, son of Isabella, grandson of Elaine",47,26,2.563265306122472,56868.0
782,rna.EB45*,"Frances, son of Elizabeth, grandson of Edwin",49,24,2.562448979591861,57866.0
783,rna.EB35*,"Tamara, son of Virginia, grandson of Alfred",48,23,2.391020408163288,56937.0
784,rna.EB9*,"Cassandra, son of Angus, grandson of Vincent",40,23,2.4212244897959407,56703.0
785,rna.EB33*,"Michele, son of Hilary, grandson of Tamara",46,22,2.4391836734694103,56258.0
786,rna.EB22*,"Jerome, son of Abigail, grandson of Madeline",47,24,2.4800000000000226,56620.0
787,rna.EB20*,"Andrew, son of Renee, grandson of Alfred",40,24,2.4571428571428795,56840.0
788,rna.EB3*,"Bartholomew, son of Tamsin, grandson of Philippa",43,23,2.4228571428571652,58634.0
789,rna.EB21*,"Janice, son of Robert, grandson of Raphael",43,23,2.4146938775510423,56875.0
790,rna.EB25*,"Rebecca, son of Russell, grandson of Edmund",38,23,2.485714285714309,56639.0
791,rna.EB25*,"Samuel, son of William, grandson of Raphael",41,22,2.581224489795942,56074.0
792,rna.EB33*,"Alexander, son of Jerome, grandson of Aloysius",45,22,2.486530612244921,56707.0
793,rna.EB30*,"Montmorency, son of Alexander, grandson of Jerome",43,21,2.3640816326530834,56879.0
794,rna.EB16*,"Steven, son of Michael, grandson of Philip",38,19,2.4555102040816554,56357.0
795,rna.EB0*,"Jennifer, son of Vincent, grandson of Cassandra",46,22,2.611428571428595,56596.0
796,rna.EB14*,"Stephen, son of Jennifer, grandson of Vincent",39,23,2.578775510204106,56740.0
797,rna.EB33*,"Tamara, son of Dolores, grandson of Garfield",41,21,2.586122448979616,56535.0
798,rna.EB6*,"John, son of Terence, grandson of Leonard",43,22,2.5967346938775746,59147.0
799,rna.EB14*,"Madison, son of Nigel, grandson of Tamara",43,20,2.563265306122473,56517.0
800,rna.EB2*,"Tobias, son of Madison, grandson of Nigel",42,21,2.4971428571428813,56117.0
801,rna.EB15*,"Stephen, son of Andrew, grandson of Richard",48,21,2.448979591836758,57441.0
802,rna.EB6*,"Josephine, son of Simon, grandson of Howard",43,24,2.5444897959183908,56969.0
803,rna.EB29*,"Megan, son of Jerome, grandson of Simon",42,23,2.5673469387755348,56921.0
804,rna.EB26*,"Nathan, son of Madeline, grandson of Valerie",39,21,2.5844897959183917,56752.0
805,rna.EB20*,"Andrew, son of Nichole, grandson of Andrew",51,23,2.5142857142857373,56686.0
806,rna.EB0*,"Seymour, son of Nichole, grandson of Theodore",47,23,2.502857142857166,57103.0
807,rna.EB6*,"Alfred, son of Andrew, grandson of Catherine",44,22,2.604897959183697,56125.0
808,rna.EB25*,"Eleanor, son of Alfred, grandson of Andrew",44,22,2.5306122448979824,56888.0
809,rna.EB36*,"Leonardo, son of Eleanor, grandson of Alfred",38,23,2.440000000000023,57217.0
810,rna.EB31*,"John, son of Steven, grandson of Barnaby",42,24,2.4448979591836957,57324.0
811,rna.EB29*,"Nichola, son of Kenneth, grandson of Leonard",44,24,2.486530612244921,57527.0
812,rna.EB14*,"Teresa, son of Francesco, grandson of Richard",52,26,2.6448979591836985,57509.0
813,rna.EB10*,"Jane, son of Victoria, grandson of Lucille",41,24,2.619591836734718,57348.0
814,rna.EB44*,"Michelle, son of Gustav, grandson of Peter",42,22,2.5248979591836966,56602.0
815,rna.EB12*,"Montmorency, son of Kristen, grandson of Nicholas",41,21,2.5232653061224726,57175.0
816,rna.EB23*,"Virginia, son of Thomas, grandson of Kristen",43,23,2.465306122449003,57128.0
817,rna.EB13*,"Christine, son of Philippa, grandson of Victor",39,25,2.4195918367347162,56779.0
818,rna.EB39*,"Geoffrey, son of Christopher, grandson of Ellen",42,22,2.3314285714285936,56552.0
819,rna.EB23*,"Francis, son of Robert, grandson of Peregrine",47,24,2.4171428571428795,57512.0
820,rna.EB22*,"James, son of Thomas, grandson of Edwin",43,26,2.545306122449003,57631.0
821,rna.EB20*,"Priscilla, son of Catherine, grandson of Deborah",40,23,2.546938775510228,57314.0
822,rna.EB12*,"Judith, son of Simon, grandson of Edwin",41,21,2.601632653061249,57428.0
823,rna.EB21*,"Augustus, son of Sharon, grandson of Vincent",38,26,2.644081632653086,57681.0
824,rna.EB19*,"Nathan, son of Priscilla, grandson of Geoffrey",49,22,2.588571428571453,57250.0
825,rna.EB34*,"Montmorency, son of Charles, grandson of Geoffrey",45,23,2.461224489795941,57091.0
826,rna.EB49*,"Tobias, son of Thomas, grandson of Margaret",40,23,2.4293877551020633,56563.0
827,rna.EB18*,"Frederick, son of Geoffrey, grandson of Valerie",49,26,2.510204081632676,57073.0
828,rna.EB47*,"Catherine, son of Jeremy, grandson of David",49,21,2.633469387755127,57186.0
829,rna.EB47*,"Gertrude, son of William, grandson of Frederick",39,22,2.5322448979592074,57345.0
830,rna.EB6*,"Montmorency, son of Christine, grandson of Anne",43,20,2.544489795918391,57095.0
831,rna.EB43*,"John, son of Frederick, grandson of Francis",40,22,2.478367346938799,56738.0
832,rna.EB24*,"Howard, son of Dominick, grandson of Emily",39,23,2.4644897959183902,56502.0
833,rna.EB24*,"Edward, son of Frances, grandson of Francis",42,22,2.5028571428571658,57179.0
834,rna.EB23*,"Reginald, son of Pauline, grandson of Jennifer",43,24,2.5591836734694113,57249.0
835,rna.EB42*,"Veronica, son of William, grandson of Edward",48,24,2.6481632653061475,57554.0
836,rna.EB30*,"Susan, son of Veronica, grandson of William",42,23,2.563265306122473,59183.0
837,rna.EB18*,"Nicholas, son of Renee, grandson of Charles",40,19,2.5551020408163505,56512.0
838,rna.EB29*,"Kenneth, son of Dolores, grandson of Virginia",38,20,2.5404081632653295,56821.0
839,rna.EB49*,"Edward, son of Franklin, grandson of David",39,22,2.47510204081635,56851.0
840,rna.EB45*,"Josephine, son of Edward, grandson of Peter",38,20,2.5322448979592074,56691.0
841,rna.EB48*,"Abraham, son of Regina, grandson of Theresa",48,20,2.449795918367369,57048.0
842,rna.EB12*,"Roderick, son of Franklin, grandson of William",38,19,2.448979591836757,57059.0
843,rna.EB49*,"Jerome, son of Mathew, grandson of Abraham",41,24,2.5118367346939006,56665.0
844,rna.EB5*,"Madison, son of Daniel, grandson of Alexandra",54,27,2.4538775510204305,57722.0
845,rna.EB3*,"Francis, son of Jason, grandson of Nichola",46,23,2.3877551020408387,57684.0
846,rna.EB15*,"Peter, son of Elizabeth, grandson of Edward",51,22,2.470204081632675,57145.0
847,rna.EB27*,"Veronica, son of Douglas, grandson of Lucille",42,22,2.5624489795918612,57010.0
848,rna.EB6*,"Victoria, son of Steven, grandson of Edward",43,23,2.4563265306122672,57789.0
849,rna.EB36*,"Alfred, son of Patricia, grandson of Thomas",47,23,2.5314285714285947,57282.0
850,rna.EB11*,"Theodore, son of Stephen, grandson of Andrew",39,20,2.541224489795942,56940.0
851,rna.EB8*,"Ronald, son of Rodney, grandson of Thomas",42,22,2.558367346938799,57329.0
852,rna.EB46*,"Roderick, son of Ronald, grandson of Rodney",43,23,2.413877551020431,58322.0
853,rna.EB39*,"Calvin, son of Bartholomew, grandson of Jason",45,22,2.5044897959183903,56904.0
854,rna.EB16*,"Susan, son of William, grandson of Margaret",44,22,2.505306122449003,56801.0
855,rna.EB27*,"David, son of Joshua, grandson of Eleanor",42,20,2.518367346938798,56574.0
856,rna.EB23*,"Michael, son of Edwin, grandson of Frances",43,20,2.4881632653061456,57066.0
857,rna.EB40*,"Harold, son of Vincent, grandson of Theodore",36,21,2.54040816326533,57451.0
858,rna.EB19*,"Virginia, son of Rachel, grandson of Martin",38,21,2.6326530612245143,57067.0
859,rna.EB6*,"Arthur, son of Natasha, grandson of Beverley",44,21,2.591836734693902,57309.0
860,rna.EB16*,"Jeremiah, son of Arthur, grandson of Natasha",44,22,2.5069387755102275,57410.0
861,rna.EB3*,"Nicholas, son of Howard, grandson of Arthur",44,24,2.4816326530612485,57618.0
862,rna.EB7*,"Violet, son of Augustine, grandson of Valerie",43,22,2.4538775510204305,57618.0
863,rna.EB42*,"Margaret, son of Elizabeth, grandson of Adelaida",42,23,2.5012244897959413,57638.0
864,rna.EB4*,"William, son of Michele, grandson of Raymond",41,19,2.414693877551043,56121.0
865,rna.EB25*,"Andrew, son of Tobias, grandson of Eleanor",40,19,2.4963265306122677,56400.0
866,rna.EB20*,"Gertrude, son of Veronica, grandson of Christine",42,21,2.5061224489796152,57599.0
867,rna.EB14*,"Montague, son of Victoria, grandson of Albert",43,22,2.470204081632676,57541.0
868,rna.EB36*,"Kristen, son of Elaine, grandson of Thomas",49,22,2.5453061224490026,56914.0
869,rna.EB41*,"Simon, son of Kristen, grandson of Elaine",43,20,2.626938775510229,56847.0
870,rna.EB46*,"Edward, son of David, grandson of Emily",40,20,2.6636734693877804,55867.0
871,rna.EB16*,"Stephen, son of Edward, grandson of David",54,22,2.60571428571431,56288.0
872,rna.EB21*,"Kimberly, son of Stephen, grandson of Edward",47,23,2.462040816326553,56441.0
873,rna.EB30*,"Geoffrey, son of Robert, grandson of Simon",43,22,2.4604081632653294,56586.0
874,rna.EB41*,"Anne, son of Christine, grandson of Susan",41,23,2.4620408163265535,56719.0
875,rna.EB40*,"Margaret, son of Amanda, grandson of Pauline",45,24,2.5591836734694113,56364.0
876,rna.EB28*,"Elaine, son of Maria, grandson of Christine",43,22,2.5028571428571658,55953.0
877,rna.EB7*,"Augustine, son of Theodore, grandson of Jessica",41,23,2.4857142857143084,56467.0
878,rna.EB30*,"Theodore, son of Raphael, grandson of Violet",40,21,2.342857142857165,55906.0
879,rna.EB1*,"Rebecca, son of Megan, grandson of Harold",41,22,2.4220408163265525,57156.0
880,rna.EB30*,"Susan, son of Walter, grandson of Anne",47,24,2.4032653061224716,56887.0
881,rna.EB14*,"Amanda, son of Paula, grandson of Walter",39,23,2.5061224489796143,56468.0
882,rna.EB39*,"Gustav, son of Maria, grandson of Anne",41,23,2.541224489795942,56920.0
883,rna.EB1*,"Violet, son of Peter, grandson of Albert",43,25,2.4244897959183898,56753.0
884,rna.EB31*,"Alexander, son of Teresa, grandson of Russell",43,22,2.51510204081635,58631.0
885,rna.EB30*,"Trenton, son of Maria, grandson of Teresa",44,22,2.5918367346939015,57785.0
886,rna.EB13*,"Michele, son of Kristen, grandson of Peter",38,22,2.5444897959183908,57819.0
887,rna.EB6*,"Janice, son of John, grandson of Ellen",37,23,2.490612244897982,57734.0
888,rna.EB18*,"Bartholomew, son of Barbara, grandson of Percival",44,23,2.5779591836734936,57949.0
889,rna.EB12*,"James, son of Geoffrey, grandson of Elaine",44,24,2.5526530612245133,57545.0
890,rna.EB30*,"Dominick, son of Virginia, grandson of Paula",48,25,2.582040816326555,57587.0
891,rna.EB44*,"Amanda, son of Michelle, grandson of James",45,26,2.4742857142857373,58573.0
892,rna.EB26*,"Valerie, son of Geoffrey, grandson of Robert",45,25,2.508571428571452,58350.0
893,rna.EB28*,"Nichola, son of Lawrence, grandson of Edmund",44,21,2.5142857142857378,58220.0
894,rna.EB24*,"Veronica, son of Margaret, grandson of Mary",53,23,2.524081632653085,58501.0
895,rna.EB43*,"Elaine, son of Theodore, grandson of Jordan",44,24,2.4742857142857377,58772.0
896,rna.EB7*,"Philippa, son of Nicholas, grandson of Roberta",43,23,2.4448979591836966,58414.0
897,rna.EB17*,"Nathaniel, son of Jeremiah, grandson of Christine",38,21,2.4661224489796143,57506.0
898,rna.EB20*,"Raymond, son of Philip, grandson of Jeremy",38,20,2.44244897959186,58260.0
899,rna.EB0*,"Roderick, son of Edward, grandson of Jerome",46,24,2.3910204081632873,58260.0
900,rna.EB16*,"Stephen, son of Peter, grandson of Stephen",52,24,2.455510204081655,57769.0
901,rna.EB10*,"Violet, son of Janet, grandson of Antoinette",48,25,2.5787755102041054,57798.0
902,rna.EB14*,"Veronica, son of Jennifer, grandson of Simon",46,24,2.5844897959183917,58242.0
903,rna.EB48*,"Jeremiah, son of Francesca, grandson of Megan",47,24,2.5804081632653295,58586.0
904,rna.EB11*,"John, son of Montgomery, grandson of Nicholas",42,26,2.588571428571453,58715.0
905,rna.EB28*,"Nigel, son of John, grandson of Montgomery",43,25,2.4800000000000226,59429.0
906,rna.EB6*,"Terence, son of Francis, grandson of Anne",43,26,2.586938775510228,58786.0
907,rna.EB23*,"Renee, son of Charles, grandson of Leonard",43,25,2.376326530612267,58829.0
908,rna.EB4*,"Arthur, son of Tobias, grandson of Priscilla",47,23,2.417142857142879,58616.0
909,rna.EB16*,"Thomas, son of Frederick, grandson of Charles",43,25,2.5624489795918604,58547.0
910,rna.EB16*,"Samuel, son of Emily, grandson of Susan",41,24,2.574693877551044,58223.0
911,rna.EB42*,"Howard, son of Edwin, grandson of Jordan",52,23,2.6114285714285956,58540.0
912,rna.EB2*,"Theresa, son of Madeline, grandson of Janet",40,25,2.5567346938775746,59228.0
913,rna.EB6*,"Valerie, son of Simon, grandson of James",40,24,2.4555102040816554,58574.0
914,rna.EB25*,"Susan, son of Montmorency, grandson of Theodore",44,23,2.5461224489796157,58716.0
915,rna.EB16*,"Albert, son of Joseph, grandson of Valerie",50,25,2.5600000000000245,58899.0
916,rna.EB34*,"Roderick, son of Thomas, grandson of Nichola",42,24,2.5697959183673715,58506.0
917,rna.EB43*,"Dwight, son of Victor, grandson of Augustus",41,23,2.622040816326555,58573.0
918,rna.EB37*,"Zachary, son of Francis, grandson of Theodore",42,23,2.546938775510228,58275.0
919,rna.EB31*,"Priscilla, son of Andrew, grandson of Edward",42,27,2.58040816326533,58208.0
920,rna.EB17*,"Joseph, son of Priscilla, grandson of Andrew",40,22,2.544489795918391,58133.0
921,rna.EB29*,"Albert, son of Roderick, grandson of Elizabeth",49,20,2.5869387755102276,58087.0
922,rna.EB5*,"Abraham, son of Albert, grandson of Roderick",43,22,2.501224489795941,58311.0
923,rna.EB25*,"Albert, son of Angus, grandson of Paul",43,20,2.5624489795918612,57484.0
924,rna.EB37*,"Katherine, son of Robert, grandson of Carolyn",37,23,2.5395918367347172,57825.0
925,rna.EB37*,"Edwin, son of Theodore, grandson of Susan",44,23,2.2432653061224697,58281.0
926,rna.EB30*,"David, son of Seymour, grandson of Emily",45,25,2.386122448979614,58742.0
927,rna.EB24*,"Barbara, son of Madison, grandson of Daniel",38,23,2.4587755102041045,58247.0
928,rna.EB36*,"Jennifer, son of Rachel, grandson of Madison",43,25,2.5134693877551255,57847.0
929,rna.EB41*,"Mathew, son of Rebecca, grandson of Reginald",49,27,2.5763265306122687,58834.0
930,rna.EB30*,"Terence, son of Valerie, grandson of Rebecca",41,24,2.5412244897959417,58494.0
931,rna.EB24*,"Barbara, son of Edwin, grandson of Geoffrey",39,23,2.573061224489819,57855.0
932,rna.EB36*,"David, son of Katrina, grandson of Bartholomew",40,22,2.5208163265306363,57695.0
933,rna.EB12*,"Thomas, son of Theresa, grandson of Trenton",41,25,2.5404081632653304,58912.0
934,rna.EB17*,"Rachel, son of Jane, grandson of Harold",41,22,2.6261224489796158,58444.0
935,rna.EB42*,"Alan, son of Rachel, grandson of Jane",43,22,2.5804081632653304,57365.0
936,rna.EB29*,"Anthony, son of Russell, grandson of Rebecca",41,22,2.604897959183698,58758.0
937,rna.EB0*,"Jerome, son of Virginia, grandson of Dolores",49,21,2.5853061224490035,57356.0
938,rna.EB7*,"Barnaby, son of Steven, grandson of Trenton",55,24,2.474285714285737,57925.0
939,rna.EB13*,"Katherine, son of Kimberly, grandson of Jacob",45,26,2.502040816326554,59254.0
940,rna.EB8*,"Jennifer, son of Hilary, grandson of Barnaby",39,22,2.4236734693877775,57290.0
941,rna.EB21*,"Michael, son of Madison, grandson of Zachary",42,22,2.4481632653061456,57387.0
942,rna.EB26*,"Ronald, son of Daniel, grandson of Matthew",43,23,2.472653061224513,60857.0
943,rna.EB5*,"Beverley, son of Ronald, grandson of Nigel",43,23,2.541224489795942,59051.0
944,rna.EB19*,"Daniel, son of Barnaby, grandson of Robert",43,20,2.5461224489796153,58559.0
945,rna.EB46*,"Edmund, son of Elaine, grandson of Rebecca",42,23,2.5395918367347172,58313.0
946,rna.EB49*,"Kimberly, son of Joshua, grandson of Edwin",39,21,2.558367346938799,57919.0
947,rna.EB36*,"Madeline, son of Alexandra, grandson of Benjamin",38,19,2.592653061224514,58249.0
948,rna.EB36*,"Christopher, son of Alexandra, grandson of Helen",45,20,2.5493877551020643,58697.0
949,rna.EB16*,"Joseph, son of Henry, grandson of Madison",38,22,2.4416326530612467,58248.0
950,rna.EB32*,"Susan, son of Terence, grandson of Philip",43,19,2.3526530612245127,57018.0
951,rna.EB21*,"Roberta, son of Virginia, grandson of Samuel",44,25,2.462040816326553,57473.0
952,rna.EB37*,"Elaine, son of Adelaida, grandson of Virginia",46,26,2.4522448979592064,58189.0
953,rna.EB27*,"Albert, son of Andrew, grandson of Henry",47,24,2.450612244897982,58326.0
954,rna.EB27*,"Alfred, son of Nathan, grandson of Sarah",42,22,2.4048979591836956,58878.0
955,rna.EB20*,"Ronald, son of Seymour, grandson of Madeline",46,25,2.431836734693899,58743.0
956,rna.EB7*,"Steven, son of Ronald, grandson of Seymour",39,24,2.530612244897983,58731.0
957,rna.EB39*,"Theodore, son of Lucille, grandson of Samantha",40,24,2.535510204081656,58412.0
958,rna.EB13*,"Barnaby, son of Virginia, grandson of Henry",43,25,2.6179591836734932,58349.0
959,rna.EB4*,"Victoria, son of Simon, grandson of Madison",43,24,2.481632653061248,57249.0
960,rna.EB41*,"Kimberly, son of Victoria, grandson of Simon",41,23,2.426938775510226,56399.0
961,rna.EB29*,"Nichola, son of Barbara, grandson of Lucille",44,23,2.4187755102041035,60235.0
962,rna.EB9*,"Louis, son of Victoria, grandson of Carolyn",44,23,2.4628571428571657,58455.0
963,rna.EB42*,"Dominic, son of Virginia, grandson of Michael",41,25,2.437551020408186,59578.0
964,rna.EB10*,"Theodore, son of William, grandson of Vincent",48,22,2.4375510204081854,59210.0
965,rna.EB40*,"Elizabeth, son of John, grandson of Douglas",39,25,2.475918367346962,59622.0
966,rna.EB46*,"Priscilla, son of Violet, grandson of Gertrude",38,22,2.3738775510204304,62443.0
967,rna.EB35*,"Katherine, son of Edwin, grandson of Francesca",38,22,2.533877551020432,61985.0
968,rna.EB10*,"Vincent, son of Walter, grandson of Ronald",48,24,2.588571428571452,61827.0
969,rna.EB9*,"Regina, son of Vincent, grandson of Walter",41,22,2.5902040816326775,60854.0
970,rna.EB43*,"Philip, son of Thomas, grandson of Jerome",43,26,2.4146938775510427,60513.0
971,rna.EB3*,"Theodore, son of Cassandra, grandson of Rodney",46,22,2.3600000000000225,60611.0
972,rna.EB32*,"Mitchell, son of Eugene, grandson of Edward",41,22,2.4677551020408393,60180.0
973,rna.EB30*,"Bartholomew, son of Alfred, grandson of Mitchell",41,21,2.4906122448979824,59653.0
974,rna.EB28*,"Bridget, son of Sharon, grandson of Montague",42,23,2.4930612244898187,60985.0
975,rna.EB2*,"Carolyn, son of Sarah, grandson of Jeffrey",38,20,2.5510204081632883,60391.0
976,rna.EB26*,"Gerald, son of Tobias, grandson of Walter",38,19,2.5787755102041054,60112.0
977,rna.EB8*,"Victoria, son of Hilary, grandson of Montgomery",42,20,2.5281632653061457,59696.0
978,rna.EB41*,"Nigel, son of Teresa, grandson of Victoria",38,19,2.4946938775510423,59544.0
979,rna.EB18*,"Janet, son of Dwight, grandson of Steven",39,20,2.4832653061224725,60631.0
980,rna.EB39*,"Gertrude, son of Tobias, grandson of Donald",43,24,2.481632653061248,60744.0
981,rna.EB39*,"Mitchell, son of Gertrude, grandson of Tobias",39,22,2.4465306122449197,60739.0
982,rna.EB8*,"Montgomery, son of Rodney, grandson of Christopher",43,22,2.5559183673469623,60763.0
983,rna.EB45*,"Charles, son of Clayton, grandson of Alfred",42,22,2.5142857142857378,61071.0
984,rna.EB48*,"Abigail, son of Robert, grandson of Louis",41,21,2.5493877551020647,60485.0
985,rna.EB23*,"Edmund, son of David, grandson of Judith",42,21,2.5404081632653295,60806.0
986,rna.EB14*,"Cassandra, son of Francis, grandson of Francesco",37,18,2.4791836734694113,60152.0
987,rna.EB46*,"Richard, son of Sharon, grandson of Cassandra",46,22,2.4448979591836957,60252.0
988,rna.EB31*,"Zachary, son of Valerie, grandson of Valerie",47,21,2.5077551020408393,60444.0
989,rna.EB34*,"Franklin, son of Franklin, grandson of Emily",46,22,2.495510204081656,60206.0
990,rna.EB7*,"Theodore, son of Abraham, grandson of Gertrude",39,23,2.5461224489796153,60615.0
991,rna.EB9*,"Thomas, son of Samuel, grandson of Adelaida",44,24,2.644081632653086,60476.0
992,rna.EB41*,"Edmund, son of Leonard, grandson of Theodore",38,24,2.595918367346963,61055.0
993,rna.EB12*,"Alfred, son of Dwight, grandson of Calvin",41,19,2.5477551020408407,60265.0
994,rna.EB37*,"Francis, son of Jeremy, grandson of Pauline",42,22,2.5461224489796153,60269.0
995,rna.EB22*,"Jeremy, son of Janice, grandson of Josephine",35,21,2.5395918367347177,60355.0
996,rna.EB41*,"Ethel, son of Andrew, grandson of Theodore",41,22,2.5257142857143093,60401.0
997,rna.EB12*,"Isabella, son of Edwin, grandson of Hilary",39,22,2.459591836734717,60467.0
998,rna.EB5*,"David, son of David, grandson of Geoffrey",34,21,2.4236734693877775,60128.0
999,rna.EB37*,"Edward, son of Priscilla, grandson of Calvin",43,22,2.413061224489818,60246.0
