1,rna.EB23,"Nigel",2,0,9.999999999999888,30221.0
2,rna.EB49,"Alastair, son of Bonnie",3,0,9.975510204081523,29703.0
3,rna.EB48,"Beverley, son of Emily, grandson of Christine",2,0,8.397551020408164,34829.0
4,rna.EB25,"Pauline, son of David, grandson of Jennifer",4,0,4.093877551020446,37143.0
5,rna.EB17,"Albert, son of Pauline, grandson of David",3,0,2.1526530612245094,28859.0
6,rna.EB14,"Spencer, son of Theresa, grandson of Dolores",3,0,2.082448979591857,30068.0
7,rna.EB15,"Theodore, son of Spencer, grandson of Theresa",12,0,2.114285714285734,31318.0
8,rna.EB46,"Zachary, son of Nathan, grandson of Eugene",14,1,2.1689795918367545,37857.0
9,rna.EB13,"Jessica, son of Howard, grandson of Madison",9,1,2.1387755102041024,33909.0
10,rna.EB34,"Nigel, son of Samuel, grandson of Geoffrey",15,1,2.1828571428571624,43576.0
11,rna.EB7,"Frederick, son of Herbert, grandson of Andrew",12,1,2.1730612244898158,49970.0
12,rna.EB6,"Carolyn, son of Rachel, grandson of Augustine",11,1,2.2383673469387966,43289.0
13,rna.EB6,"Russell, son of Carolyn, grandson of Rachel",10,1,2.455510204081654,41763.0
14,rna.EB26,"Hilary, son of Michelle, grandson of Carolyn",9,1,2.171428571428591,39432.0
15,rna.EB39,"Virginia, son of Jeremiah, grandson of Victor",10,1,2.106938775510223,35424.0
16,rna.EB16,"Jeremiah, son of Virginia, grandson of Jeremiah",10,1,2.154285714285734,33061.0
17,rna.EB9,"William, son of Jessica, grandson of Zachary",17,2,2.075102040816346,33739.0
18,rna.EB28,"Alexander, son of Renee, grandson of Michele",14,1,2.1093877551020612,36199.0
19,rna.EB40,"Kenneth, son of Raphael, grandson of Megan",11,1,2.3012244897959397,33114.0
20,rna.EB29,"Geoffrey, son of Nigel, grandson of Jeremy",19,2,2.2293877551020613,35115.0
21,rna.EB16,"Jennifer, son of Douglas, grandson of Renee",12,2,2.2073469387755305,36484.0
22,rna.EB48,"Nichole, son of Nathan, grandson of Barbara",18,3,1.9477551020408357,35113.0
23,rna.EB48,"Matthew, son of Anthony, grandson of Philip",19,3,2.1216326530612446,37947.0
24,rna.EB45,"Douglas, son of Peter, grandson of Cassandra",14,4,2.2114285714285917,37980.0
25,rna.EB27,"Abigail, son of Douglas, grandson of Peter",18,4,2.2326530612245103,39609.0
26,rna.EB4,"Veronica, son of Peter, grandson of Geoffrey",18,4,2.106938775510224,38609.0
27,rna.EB2,"Simon, son of Nathan, grandson of Andrew",21,5,2.1991836734694084,41048.0
28,rna.EB43,"Violet, son of Tobias, grandson of Deborah",19,5,2.1371428571428766,39773.0
29,rna.EB48,"Daniel, son of Thomas, grandson of Adelaida",28,5,2.3044897959183883,39739.0
30,rna.EB29,"David, son of Jordan, grandson of Violet",15,3,2.2816326530612456,38046.0
31,rna.EB10,"Virginia, son of David, grandson of Jordan",15,4,2.1077551020408363,43778.0
32,rna.EB30,"Abraham, son of Trenton, grandson of Alastair",20,4,2.202448979591857,40148.0
33,rna.EB23,"Regina, son of Calvin, grandson of Helen",19,4,2.037551020408183,41287.0
34,rna.EB48,"Teresa, son of Andrew, grandson of Jason",29,6,2.113469387755122,42556.0
35,rna.EB22,"Franklin, son of Miranda, grandson of Teresa",27,5,2.084897959183693,39633.0
36,rna.EB39,"Victoria, son of Antoinette, grandson of Clayton",21,4,2.1485714285714486,39201.0
37,rna.EB24,"Jennifer, son of Andrew, grandson of Violet",26,5,2.244081632653082,39812.0
38,rna.EB26,"Tobias, son of Theodore, grandson of Charles",19,4,2.2277551020408373,41339.0
39,rna.EB39,"Geoffrey, son of Frances, grandson of Russell",21,4,2.1248979591836936,39337.0
40,rna.EB17,"Nichole, son of Bonnie, grandson of Katrina",18,4,2.286530612244919,37950.0
41,rna.EB36,"Francesco, son of Anthony, grandson of Henry",17,4,2.0938775510204284,40566.0
42,rna.EB13,"Josephine, son of Frederick, grandson of Trenton",21,5,2.1387755102041015,41661.0
43,rna.EB14,"Antoinette, son of Carolyn, grandson of Cassandra",18,5,1.9804081632653252,42187.0
44,rna.EB18,"Rodney, son of Virginia, grandson of Eleanor",18,5,2.2130612244898162,40749.0
45,rna.EB16,"Alfred, son of Valerie, grandson of Antoinette",18,6,2.12734693877553,41916.0
46,rna.EB27,"Miranda, son of Theresa, grandson of Antoinette",26,6,2.2318367346938985,40906.0
47,rna.EB31,"Edmund, son of Tamara, grandson of Dominick",20,6,2.1820408163265506,41307.0
48,rna.EB33,"Virginia, son of Jordan, grandson of Frederick",15,6,2.062040816326551,40975.0
49,rna.EB5,"Alastair, son of Theodore, grandson of Augustine",16,5,2.177142857142877,40252.0
50,rna.EB27,"Dominic, son of Andrew, grandson of Leonardo",18,6,2.195102040816347,38532.0
51,rna.EB21,"Walter, son of Bonnie, grandson of Martin",28,5,2.3151020408163467,37228.0
52,rna.EB40,"Michelle, son of Carolyn, grandson of Tamara",21,4,2.1951020408163466,37323.0
53,rna.EB28,"Alan, son of Michelle, grandson of Carolyn",21,5,2.2163265306122657,38275.0
54,rna.EB38,"Simon, son of Abigail, grandson of Emily",28,4,2.237551020408183,37715.0
55,rna.EB4,"Russell, son of Franklin, grandson of Walter",16,3,2.1044897959183877,36917.0
56,rna.EB3,"Garfield, son of Louis, grandson of Anne",18,3,2.024489795918387,36728.0
57,rna.EB16,"Tamsin, son of Edmund, grandson of Elaine",17,3,2.088163265306142,37603.0
58,rna.EB10,"Dominic, son of Virginia, grandson of Nathaniel",17,5,2.1518367346938976,41650.0
59,rna.EB42,"Zachary, son of Lucille, grandson of Virginia",17,5,2.1093877551020603,38360.0
60,rna.EB10,"Aloysius, son of Tamara, grandson of Ethel",11,3,2.1469387755102245,38540.0
61,rna.EB27,"Donald, son of Theodore, grandson of Edmund",26,6,2.2171428571428775,42142.0
62,rna.EB15,"Augustine, son of Regina, grandson of Sarah",16,5,2.2383673469387957,39396.0
63,rna.EB39,"Natasha, son of Janet, grandson of Jessica",21,6,2.1126530612245102,42765.0
64,rna.EB32,"Oliver, son of Rebecca, grandson of Terence",24,7,2.0244897959183863,40033.0
65,rna.EB45,"Janice, son of Veronica, grandson of Theodore",19,6,2.064489795918387,37959.0
66,rna.EB42,"Calvin, son of Augustine, grandson of Martin",20,7,2.0816326530612446,38941.0
67,rna.EB5,"Jennifer, son of Gerald, grandson of Janice",33,7,2.0938775510204284,39344.0
68,rna.EB9,"Zachary, son of Anthony, grandson of Gertrude",22,7,2.0506122448979784,37841.0
69,rna.EB10,"Eleanor, son of Zachary, grandson of Anthony",26,9,2.0995918367347146,38751.0
70,rna.EB4,"William, son of Francesca, grandson of Charles",24,8,2.208979591836755,36819.0
71,rna.EB31,"Simon, son of Katrina, grandson of Edwin",25,8,2.2310204081632863,38003.0
72,rna.EB6,"Walter, son of Janice, grandson of Alastair",27,10,2.174693877551041,37078.0
73,rna.EB16,"Rachel, son of John, grandson of Dominick",22,11,2.233469387755123,36887.0
74,rna.EB14,"Daniel, son of Barbara, grandson of Simon",32,10,2.08408163265308,36869.0
75,rna.EB13,"Violet, son of Gregory, grandson of Rachel",31,11,2.0302040816326725,37508.0
76,rna.EB37,"Francis, son of Alan, grandson of Jeremy",27,8,2.004897959183692,35569.0
77,rna.EB11,"Rebecca, son of Spencer, grandson of Kimberly",33,9,2.16000000000002,37669.0
78,rna.EB41,"Tamara, son of Miranda, grandson of Susan",29,9,2.1787755102041015,39023.0
79,rna.EB0,"Reginald, son of Janet, grandson of Calvin",24,9,2.289795918367368,37618.0
80,rna.EB39,"Russell, son of Zachary, grandson of Howard",30,8,2.249795918367368,38959.0
81,rna.EB15,"Dominick, son of Russell, grandson of Zachary",23,9,2.003265306122468,40139.0
82,rna.EB3,"Francesco, son of Bonnie, grandson of Paul",23,7,2.0751020408163465,37166.0
83,rna.EB48,"William, son of Daniel, grandson of Tobias",28,9,2.0400000000000196,38082.0
84,rna.EB49,"Terence, son of Geoffrey, grandson of Daniel",30,9,2.1395918367347138,39541.0
85,rna.EB10,"Theodore, son of Theodore, grandson of Christine",26,10,2.1200000000000196,39955.0
86,rna.EB4,"Andrew, son of Virginia, grandson of Henry",28,8,2.1102040816326726,37995.0
87,rna.EB40,"Veronica, son of Susan, grandson of Francesco",29,10,2.2138775510204285,39886.0
88,rna.EB33,"Ellen, son of Sarah, grandson of Alexandra",32,9,2.0808163265306323,38668.0
89,rna.EB31,"Thomas, son of Isabella, grandson of Kimberly",23,8,2.1640816326530805,40168.0
90,rna.EB6,"William, son of Thomas, grandson of Isabella",54,10,2.009795918367366,40075.0
91,rna.EB36,"Josephine, son of Herbert, grandson of Rachel",30,10,2.0391836734694078,40082.0
92,rna.EB20,"Kenneth, son of Martin, grandson of William",20,8,2.1893877551020604,37549.0
93,rna.EB0,"Theresa, son of Benjamin, grandson of Ronald",22,7,2.04734693877553,37164.0
94,rna.EB42,"Tamsin, son of Trenton, grandson of Tamsin",28,9,2.155102040816346,41104.0
95,rna.EB14,"Edwin, son of Harold, grandson of Franklin",27,9,2.186938775510224,41158.0
96,rna.EB13,"Edwin, son of Megan, grandson of Emily",24,10,2.146938775510225,41660.0
97,rna.EB34,"Tamsin, son of Andrew, grandson of Rebecca",30,8,2.223673469387775,40845.0
98,rna.EB10,"Gerald, son of Katherine, grandson of Victor",34,9,2.2195918367347143,41128.0
99,rna.EB38,"Arthur, son of Lucille, grandson of Mathew",21,8,2.164897959183693,40122.0
100,rna.EB37,"Natasha, son of Mary, grandson of Edward",22,8,2.231020408163286,39600.0
101,rna.EB43,"Gregory, son of Augustine, grandson of Alexandra",29,7,2.328163265306144,39111.0
102,rna.EB24,"Charles, son of Paul, grandson of Louis",22,6,2.2579591836734907,39407.0
103,rna.EB9,"Maria, son of Dominic, grandson of Jeremy",30,7,2.065306122448998,38771.0
104,rna.EB25,"Virginia, son of Violet, grandson of Matthew",26,6,2.0808163265306323,38631.0
105,rna.EB26,"Renee, son of Theodore, grandson of Janice",30,9,2.06204081632655,40611.0
106,rna.EB9,"Thomas, son of Louis, grandson of Jeremy",20,9,2.10204081632655,41098.0
107,rna.EB10,"Rebecca, son of Rodney, grandson of Tamsin",26,9,2.042448979591856,42265.0
108,rna.EB41,"Edwin, son of Sharon, grandson of Andrew",24,8,2.0775510204081824,41200.0
109,rna.EB32,"Elaine, son of Joseph, grandson of Hilary",25,9,2.0489795918367535,42860.0
110,rna.EB8,"Miranda, son of Elaine, grandson of Joseph",28,9,2.154285714285735,43319.0
111,rna.EB33,"Richard, son of Valerie, grandson of Sharon",30,11,2.194285714285735,43478.0
112,rna.EB43,"Terence, son of Richard, grandson of Valerie",24,9,2.133877551020428,40172.0
113,rna.EB38,"Bartholomew, son of Robert, grandson of Gertrude",26,10,2.1722448979592044,42496.0
114,rna.EB30,"Garfield, son of Dominick, grandson of Jason",24,10,2.122448979591857,42619.0
115,rna.EB10,"Susan, son of Edmund, grandson of Robert",28,10,2.1518367346938976,44664.0
116,rna.EB27,"Veronica, son of Mathew, grandson of Edmund",26,8,2.213061224489817,40603.0
117,rna.EB26,"Susan, son of Kenneth, grandson of David",28,11,2.208163265306143,45702.0
118,rna.EB11,"Roderick, son of Susan, grandson of Kenneth",28,9,2.080816326530632,41256.0
119,rna.EB5,"Anne, son of Philippa, grandson of Madison",24,9,2.035918367346958,40725.0
120,rna.EB18,"Sarah, son of Lucille, grandson of Calvin",34,9,2.061224489795938,39449.0
121,rna.EB27,"Jason, son of Edmund, grandson of Mary",31,9,2.125714285714305,39764.0
122,rna.EB10,"Charles, son of Alfred, grandson of Edwin",29,10,2.1053061224489986,38753.0
123,rna.EB23,"Tobias, son of Nichole, grandson of Victor",21,9,2.182857142857163,36531.0
124,rna.EB41,"Philippa, son of Tobias, grandson of Nichole",28,12,2.1640816326530814,37041.0
125,rna.EB8,"Tamara, son of Abigail, grandson of John",33,12,2.1085714285714485,39254.0
126,rna.EB32,"Kenneth, son of Anthony, grandson of Deborah",27,13,2.163265306122469,39023.0
127,rna.EB23,"Joshua, son of Renee, grandson of Tamara",31,12,2.1812244897959387,38892.0
128,rna.EB19,"William, son of Deborah, grandson of Carolyn",31,14,2.1346938775510402,37803.0
129,rna.EB31,"Philip, son of Donald, grandson of Samuel",35,16,2.112653061224509,38698.0
130,rna.EB5,"Patricia, son of Sarah, grandson of Vincent",35,15,2.1551020408163466,38016.0
131,rna.EB31,"Ethel, son of Geoffrey, grandson of Montgomery",33,17,2.0816326530612446,38901.0
132,rna.EB24,"Robert, son of Oliver, grandson of Tamara",39,12,2.198367346938796,37150.0
133,rna.EB27,"Sarah, son of Robert, grandson of Oliver",29,15,2.24326530612247,39143.0
134,rna.EB28,"Barbara, son of Veronica, grandson of Garfield",45,15,2.225306122449,38373.0
135,rna.EB9,"Margaret, son of Nichola, grandson of Sarah",38,12,2.205714285714306,38363.0
136,rna.EB49,"Nichola, son of Vincent, grandson of Nichola",28,12,2.115918367346959,39026.0
137,rna.EB27,"Sharon, son of Samuel, grandson of David",29,11,2.1844897959183878,37071.0
138,rna.EB17,"Veronica, son of Veronica, grandson of Elizabeth",30,12,2.1200000000000205,37788.0
139,rna.EB18,"Geoffrey, son of Edwin, grandson of Simon",34,11,2.1583673469387956,36323.0
140,rna.EB24,"Seymour, son of Roberta, grandson of Abraham",35,16,2.2800000000000207,39042.0
141,rna.EB39,"Stephen, son of Bartholomew, grandson of Seymour",47,15,2.043265306122468,36182.0
142,rna.EB36,"Sharon, son of Nicholas, grandson of Seymour",52,15,2.150204081632673,37535.0
143,rna.EB32,"Michelle, son of Jennifer, grandson of Nicholas",48,16,2.072653061224509,37630.0
144,rna.EB3,"Victoria, son of Louis, grandson of Sarah",39,15,2.0816326530612446,38379.0
145,rna.EB28,"Virginia, son of Edward, grandson of Louis",38,15,2.034285714285734,36287.0
146,rna.EB13,"Andrew, son of Robert, grandson of Victoria",37,16,2.0693877551020603,36093.0
147,rna.EB24,"Anne, son of Russell, grandson of Theresa",43,19,1.9975510204081826,37591.0
148,rna.EB30,"Nathaniel, son of Aloysius, grandson of John",45,16,2.282448979591858,36151.0
149,rna.EB22,"Spencer, son of Edmund, grandson of Victor",39,17,2.215510204081653,38158.0
150,rna.EB37,"Valerie, son of Dorothy, grandson of Deborah",44,16,2.1248979591836936,37944.0
151,rna.EB15,"Alastair, son of Walter, grandson of Leonard",47,17,2.1371428571428774,37955.0
152,rna.EB40,"Helen, son of William, grandson of Andrew",39,15,2.0718367346938975,38505.0
153,rna.EB24,"Christopher, son of Michelle, grandson of Roderick",40,15,2.1738775510204285,42872.0
154,rna.EB35,"Seymour, son of Helen, grandson of Amanda",42,15,2.2081632653061427,37360.0
155,rna.EB43,"Percival, son of Edwin, grandson of David",38,12,2.1951020408163466,36647.0
156,rna.EB36,"Edward, son of Adelaida, grandson of Edwin",38,16,2.12000000000002,38566.0
157,rna.EB28,"Bonnie, son of Lucille, grandson of Philippa",38,13,2.149387755102061,38118.0
158,rna.EB2,"Theodore, son of Garfield, grandson of Joseph",31,14,2.1812244897959383,40443.0
159,rna.EB44,"Abraham, son of Garfield, grandson of Spencer",42,11,2.2048979591836937,39578.0
160,rna.EB26,"Jane, son of Violet, grandson of Montmorency",36,14,2.115102040816347,39070.0
161,rna.EB2,"David, son of Teresa, grandson of Isabella",41,14,2.168979591836754,37256.0
162,rna.EB4,"David, son of Seymour, grandson of Andrew",34,16,2.0987755102041006,36972.0
163,rna.EB26,"Donald, son of Francis, grandson of David",36,11,2.06938775510206,35944.0
164,rna.EB32,"Reginald, son of Paula, grandson of Percival",31,10,2.1355102040816534,38862.0
165,rna.EB37,"Theodore, son of Elizabeth, grandson of Tamsin",26,10,2.202448979591858,34983.0
166,rna.EB18,"Daniel, son of Victor, grandson of Bonnie",32,10,2.1657142857143064,35349.0
167,rna.EB7,"Emily, son of David, grandson of Vincent",36,10,2.1363265306122647,38471.0
168,rna.EB26,"Katherine, son of Emily, grandson of David",30,12,2.053877551020428,34862.0
169,rna.EB32,"Thomas, son of Patricia, grandson of Frances",30,10,2.2114285714285917,34433.0
170,rna.EB2,"Margaret, son of Gertrude, grandson of Regina",37,10,2.277551020408185,34120.0
171,rna.EB47,"Theresa, son of Paula, grandson of Theodore",31,11,2.2767346938775717,35492.0
172,rna.EB31,"Alexander, son of Theresa, grandson of Paula",29,11,2.0530612244898148,34597.0
173,rna.EB16,"Janice, son of Abraham, grandson of Margaret",40,13,2.1126530612245102,35029.0
174,rna.EB31,"Walter, son of Thomas, grandson of Natasha",40,15,2.2538775510204294,34992.0
175,rna.EB17,"Walter, son of Dominick, grandson of Dominic",39,13,2.1787755102041024,34245.0
176,rna.EB23,"Anthony, son of Nicholas, grandson of Gustav",38,16,2.1812244897959387,35343.0
177,rna.EB49,"Sharon, son of Gregory, grandson of Valerie",36,13,2.1404081632653265,37614.0
178,rna.EB24,"Nicholas, son of Sharon, grandson of Hilary",39,15,2.21061224489798,34517.0
179,rna.EB40,"Teresa, son of Tamara, grandson of Ronald",37,14,2.159183673469408,34882.0
180,rna.EB33,"Margaret, son of Francesca, grandson of Charles",38,16,2.2146938775510407,37037.0
181,rna.EB39,"Katherine, son of Abraham, grandson of Catherine",37,14,2.0661224489796104,35521.0
182,rna.EB5,"Elizabeth, son of Regina, grandson of Spencer",29,12,2.040816326530631,35216.0
183,rna.EB12,"William, son of Susan, grandson of Leonard",28,12,2.223673469387775,34455.0
184,rna.EB29,"Daniel, son of Nathan, grandson of Edward",46,13,2.204081632653082,35560.0
185,rna.EB44,"Nichole, son of Mitchell, grandson of James",37,13,2.107755102040836,34914.0
186,rna.EB19,"Charles, son of Oliver, grandson of Donald",36,16,2.057959183673489,35141.0
187,rna.EB19,"David, son of Michele, grandson of Susan",43,16,2.1755102040816534,35340.0
188,rna.EB38,"John, son of Anne, grandson of Charles",47,14,2.084897959183693,34496.0
189,rna.EB42,"Simon, son of Teresa, grandson of Virginia",28,14,2.0473469387755285,35122.0
190,rna.EB22,"Edward, son of John, grandson of Virginia",31,13,2.1926530612245094,35320.0
191,rna.EB13,"Francesca, son of Bartholomew, grandson of Hilary",34,10,2.202448979591858,37059.0
192,rna.EB6,"Lawrence, son of Martin, grandson of Janice",34,12,2.2106122448979795,34900.0
193,rna.EB0,"Paul, son of Virginia, grandson of Arnold",32,12,2.1771428571428775,34971.0
194,rna.EB46,"Anthony, son of Matthew, grandson of Emily",30,13,2.0465306122449167,35316.0
195,rna.EB8,"Augustus, son of Gertrude, grandson of Paula",35,13,2.072653061224509,35477.0
196,rna.EB36,"Terence, son of Beverley, grandson of Gertrude",34,13,2.1134693877551216,35393.0
197,rna.EB17,"Garfield, son of Herbert, grandson of Augustus",31,14,2.208979591836756,35751.0
198,rna.EB16,"Nicholas, son of Louis, grandson of Katherine",33,13,2.2089795918367554,34996.0
199,rna.EB38,"Nicholas, son of Trenton, grandson of Garfield",42,15,2.2130612244898167,36523.0
200,rna.EB7,"Margaret, son of Carolyn, grandson of Gustav",38,13,2.199183673469408,35561.0
201,rna.EB13,"Ronald, son of Arthur, grandson of Dorothy",39,13,2.0383673469387946,34727.0
202,rna.EB37,"William, son of Ethel, grandson of Augustus",38,13,2.0040816326530804,36271.0
203,rna.EB5,"Joseph, son of Violet, grandson of Vincent",34,14,2.1657142857143055,35408.0
204,rna.EB46,"Michael, son of Charles, grandson of Donald",37,17,2.055510204081652,36342.0
205,rna.EB5,"Rachel, son of Walter, grandson of Abraham",35,14,2.065306122448999,35329.0
206,rna.EB40,"Virginia, son of Kimberly, grandson of Rodney",37,11,2.186938775510225,34694.0
207,rna.EB45,"Montgomery, son of Garfield, grandson of Jennifer",36,11,2.129795918367367,34789.0
208,rna.EB28,"Walter, son of Patricia, grandson of Priscilla",35,10,2.0848979591836927,34633.0
209,rna.EB6,"Simon, son of Herbert, grandson of Franklin",34,12,2.06204081632655,35380.0
210,rna.EB6,"Leonardo, son of William, grandson of Walter",40,12,2.0546938775510397,36330.0
211,rna.EB40,"Joseph, son of Jeremy, grandson of Vincent",29,11,2.1379591836734892,35386.0
212,rna.EB1,"Virginia, son of Joseph, grandson of Jeremy",23,11,2.252244897959204,36256.0
213,rna.EB10,"Simon, son of Bridget, grandson of Margaret",40,11,2.1608163265306324,36142.0
214,rna.EB4,"Andrew, son of Thomas, grandson of Jessica",30,13,2.319183673469409,35882.0
215,rna.EB22,"Tamsin, son of Peter, grandson of Zachary",40,11,2.3600000000000216,35487.0
216,rna.EB29,"Victor, son of Gerald, grandson of Andrew",32,12,2.220408163265326,35921.0
217,rna.EB2,"Stephen, son of Mary, grandson of Percival",34,10,2.113469387755122,34805.0
218,rna.EB36,"Raphael, son of Maria, grandson of Megan",29,12,2.2497959183673673,35820.0
219,rna.EB15,"Martin, son of Dominick, grandson of John",39,13,2.0987755102041015,36426.0
220,rna.EB35,"William, son of Christine, grandson of Nichola",33,12,2.0840816326530804,36120.0
221,rna.EB26,"Michael, son of Simon, grandson of Geoffrey",34,11,2.122448979591857,35183.0
222,rna.EB25,"Franklin, son of Sharon, grandson of Herbert",44,13,1.955102040816345,35777.0
223,rna.EB35,"Paul, son of Ellen, grandson of Roberta",29,13,2.1159183673469575,36806.0
224,rna.EB5,"Bonnie, son of Nichola, grandson of Philippa",32,13,2.1371428571428766,36456.0
225,rna.EB32,"Benjamin, son of Joseph, grandson of Paul",31,13,2.026938775510223,35657.0
226,rna.EB20,"Gerald, son of Jacob, grandson of Joseph",42,12,1.9542857142857328,34867.0
227,rna.EB39,"Benjamin, son of Augustine, grandson of Susan",35,12,2.193469387755121,37026.0
228,rna.EB15,"Priscilla, son of Sharon, grandson of Judith",43,13,2.2204081632653265,35318.0
229,rna.EB33,"Walter, son of Trenton, grandson of Rodney",36,12,2.1355102040816525,36958.0
230,rna.EB40,"Augustus, son of Jeremy, grandson of Patricia",37,13,2.1624489795918573,36873.0
231,rna.EB30,"Amanda, son of Daniel, grandson of Virginia",33,12,2.111020408163285,35482.0
232,rna.EB38,"Dominick, son of Maria, grandson of Nicholas",37,13,2.0448979591836927,35594.0
233,rna.EB21,"Hilary, son of Beverley, grandson of Victor",34,14,2.109387755102061,36770.0
234,rna.EB26,"Tamsin, son of Susan, grandson of Ellen",32,12,2.108571428571448,35342.0
235,rna.EB16,"Veronica, son of Tamara, grandson of Miranda",38,14,2.240816326530633,36313.0
236,rna.EB25,"John, son of Victoria, grandson of Peter",41,14,2.2424489795918574,36149.0
237,rna.EB1,"Victor, son of John, grandson of Victoria",35,12,2.0914285714285916,35486.0
238,rna.EB20,"Nicholas, son of Arthur, grandson of Abigail",29,12,2.1297959183673667,35567.0
239,rna.EB33,"Jennifer, son of Dwight, grandson of Leonardo",32,13,2.0751020408163456,35427.0
240,rna.EB48,"Victoria, son of Christopher, grandson of Margaret",30,11,2.2359183673469594,34906.0
241,rna.EB38,"Reginald, son of Seymour, grandson of Dolores",49,10,2.08000000000002,35339.0
242,rna.EB39,"Gerald, son of Nichola, grandson of Leonard",41,11,2.1412244897959374,34150.0
243,rna.EB18,"Peregrine, son of Elizabeth, grandson of Mathew",53,13,2.1306122448979785,34882.0
244,rna.EB19,"Francesca, son of Eugene, grandson of Roderick",46,12,2.1624489795918564,34210.0
245,rna.EB35,"Victor, son of Victor, grandson of Peregrine",33,14,2.173877551020428,36110.0
246,rna.EB45,"Edmund, son of Valerie, grandson of Alan",38,13,2.1795918367347142,34559.0
247,rna.EB39,"Veronica, son of Howard, grandson of Reginald",38,12,2.2506122448979795,33258.0
248,rna.EB28,"Peter, son of Theresa, grandson of Samuel",45,16,2.1444897959183877,34284.0
249,rna.EB11,"Spencer, son of Katherine, grandson of Joseph",53,15,2.201632653061245,34664.0
250,rna.EB46,"Anne, son of Terence, grandson of Beverley",50,17,2.275102040816347,34883.0
251,rna.EB43,"Frances, son of Victoria, grandson of Kristen",51,15,2.121632653061244,33766.0
252,rna.EB19,"Nathan, son of Percival, grandson of Tobias",51,17,2.0759183673469583,34793.0
253,rna.EB48,"Arnold, son of Ethel, grandson of Tamsin",48,16,2.1885714285714486,33817.0
254,rna.EB2,"William, son of Joshua, grandson of Garfield",49,18,2.119183673469408,34511.0
255,rna.EB41,"Russell, son of Francesca, grandson of Jane",47,21,2.1330612244898157,35057.0
256,rna.EB24,"Pauline, son of Spencer, grandson of Terence",45,16,2.1926530612245094,33463.0
257,rna.EB5,"Maria, son of John, grandson of Valerie",53,18,2.032653061224509,33676.0
258,rna.EB20,"Cassandra, son of Thomas, grandson of Jennifer",41,15,1.986938775510224,33820.0
259,rna.EB29,"Jeremiah, son of Arthur, grandson of Jessica",44,17,2.1306122448979785,34151.0
260,rna.EB11,"Hilary, son of Franklin, grandson of Theodore",46,19,1.9926530612245086,34425.0
261,rna.EB33,"Samantha, son of William, grandson of Geoffrey",42,15,2.0612244897959378,34057.0
262,rna.EB8,"Margaret, son of Edward, grandson of Geoffrey",51,17,2.1387755102041015,33833.0
263,rna.EB45,"Charles, son of Dwight, grandson of Miranda",40,15,2.143673469387775,34346.0
264,rna.EB40,"John, son of Raymond, grandson of Geoffrey",44,16,2.2081632653061427,34501.0
265,rna.EB13,"Renee, son of Thomas, grandson of Tobias",45,17,2.189387755102061,36547.0
266,rna.EB46,"Edmund, son of Renee, grandson of Thomas",59,20,2.226938775510225,34365.0
267,rna.EB8,"Emily, son of John, grandson of Francis",53,19,2.117551020408183,33706.0
268,rna.EB15,"Zachary, son of Valerie, grandson of Veronica",45,16,2.0914285714285907,34536.0
269,rna.EB5,"Alexandra, son of Stephen, grandson of Megan",46,17,2.1469387755102245,36872.0
270,rna.EB39,"Donald, son of Calvin, grandson of Victor",45,17,2.130612244897979,34179.0
271,rna.EB38,"Priscilla, son of Theodore, grandson of Deborah",42,16,2.1200000000000205,33778.0
272,rna.EB21,"Patricia, son of Theodore, grandson of Oliver",50,19,2.2465306122449187,34200.0
273,rna.EB40,"Rebecca, son of Catherine, grandson of Aloysius",47,15,2.0653061224489977,33026.0
274,rna.EB29,"Elaine, son of Barbara, grandson of Madeline",44,13,2.1795918367347147,36346.0
275,rna.EB6,"Valerie, son of Mitchell, grandson of Angus",46,17,2.151020408163285,33956.0
276,rna.EB46,"Douglas, son of Trenton, grandson of Tamara",49,21,2.101224489795938,34440.0
277,rna.EB13,"Abraham, son of Douglas, grandson of Trenton",53,20,2.189387755102061,34742.0
278,rna.EB22,"Terence, son of Pauline, grandson of Edmund",50,20,2.3297959183673678,34420.0
279,rna.EB11,"Helen, son of Franklin, grandson of Katherine",52,23,2.2130612244898162,34266.0
280,rna.EB3,"Gregory, son of Pauline, grandson of Bridget",53,19,2.0897959183673667,33576.0
281,rna.EB22,"Walter, son of Douglas, grandson of Pauline",43,17,2.0685714285714485,34137.0
282,rna.EB26,"Douglas, son of Barnaby, grandson of Elaine",48,21,2.1959183673469593,34279.0
283,rna.EB18,"Norbert, son of Patricia, grandson of David",53,20,2.2530612244898163,33224.0
284,rna.EB26,"Valerie, son of Arnold, grandson of Peter",60,18,2.1910204081632854,33993.0
285,rna.EB2,"Lucille, son of Valerie, grandson of Arnold",45,17,2.1053061224489986,34342.0
286,rna.EB48,"Garfield, son of Lucille, grandson of Valerie",52,20,2.0800000000000196,33830.0
287,rna.EB22,"Anne, son of Eugene, grandson of Lucille",56,17,2.1755102040816534,34106.0
288,rna.EB44,"Charles, son of Violet, grandson of Nathaniel",63,19,2.120816326530632,34980.0
289,rna.EB4,"Steven, son of Andrew, grandson of Andrew",54,22,2.182857142857163,34895.0
290,rna.EB13,"Ethel, son of Theodore, grandson of Janice",49,21,2.162448979591856,34717.0
291,rna.EB6,"Norbert, son of Thomas, grandson of Abigail",49,21,2.0995918367347137,34871.0
292,rna.EB17,"Janet, son of Gregory, grandson of Ethel",48,16,2.060408163265325,34194.0
293,rna.EB21,"Arnold, son of Jeremy, grandson of Norbert",42,18,2.2963265306122653,33980.0
294,rna.EB41,"Terence, son of Herbert, grandson of Albert",62,19,2.2310204081632863,34812.0
295,rna.EB28,"Geoffrey, son of Charles, grandson of Gustav",55,25,2.0293877551020594,35263.0
296,rna.EB15,"Robert, son of Raphael, grandson of Alastair",70,22,2.113469387755121,34543.0
297,rna.EB43,"John, son of Alan, grandson of Helen",48,19,2.2816326530612456,34497.0
298,rna.EB25,"Donald, son of John, grandson of Alan",48,21,2.124897959183693,35098.0
299,rna.EB26,"Gertrude, son of William, grandson of Margaret",47,19,2.160816326530633,33647.0
300,rna.EB30,"Joel, son of Katrina, grandson of Geoffrey",56,20,2.16000000000002,34114.0
301,rna.EB34,"Teresa, son of Nichola, grandson of Gregory",50,20,2.1902040816326735,33534.0
302,rna.EB3,"Dwight, son of Jessica, grandson of Joel",47,18,2.280816326530633,33535.0
303,rna.EB20,"Mary, son of Dolores, grandson of Maria",51,18,2.1257142857143054,35441.0
304,rna.EB38,"Mathew, son of Edward, grandson of Simon",48,16,2.166530612244918,37135.0
305,rna.EB19,"Jacob, son of Carolyn, grandson of Mary",57,17,2.154285714285734,33263.0
306,rna.EB11,"Sharon, son of Jacob, grandson of Carolyn",60,17,2.1428571428571628,33552.0
307,rna.EB26,"Sarah, son of Montgomery, grandson of Jacob",46,17,2.1934693877551226,35222.0
308,rna.EB25,"Tamsin, son of Jeffrey, grandson of Joseph",53,18,2.165714285714306,34654.0
309,rna.EB4,"Dorothy, son of James, grandson of Henry",51,17,2.1534693877551216,34441.0
310,rna.EB30,"Priscilla, son of Simon, grandson of James",43,15,2.1355102040816525,35027.0
311,rna.EB0,"Vincent, son of Tamsin, grandson of Edmund",45,16,1.945306122448998,34741.0
312,rna.EB48,"Robert, son of Peregrine, grandson of Trenton",53,20,2.0302040816326716,34601.0
313,rna.EB44,"Daniel, son of Virginia, grandson of Emily",53,20,2.0448979591836935,34405.0
314,rna.EB34,"Theresa, son of Daniel, grandson of Virginia",55,19,2.124897959183694,34324.0
315,rna.EB7,"Pauline, son of Lawrence, grandson of Daniel",48,19,2.06204081632655,34699.0
316,rna.EB6,"Teresa, son of Philippa, grandson of Andrew",57,20,2.1175510204081824,34923.0
317,rna.EB44,"Edmund, son of Douglas, grandson of Howard",49,21,2.1265306122449172,34511.0
318,rna.EB15,"William, son of Stephen, grandson of Paul",53,22,2.0277551020408344,33542.0
319,rna.EB18,"Alan, son of Regina, grandson of Raymond",43,20,2.095510204081653,34130.0
320,rna.EB14,"David, son of Alan, grandson of Regina",48,21,2.1453061224489995,34549.0
321,rna.EB13,"Katherine, son of Roberta, grandson of Edmund",53,21,2.1730612244898166,34618.0
322,rna.EB49,"Dominic, son of William, grandson of Dominic",50,23,2.2555102040816535,34557.0
323,rna.EB1,"Philip, son of Dominic, grandson of William",64,24,2.0726530612245084,34281.0
324,rna.EB22,"Montmorency, son of Jeremy, grandson of Donald",52,19,1.9714285714285893,34778.0
325,rna.EB19,"Nathaniel, son of Anne, grandson of Stephen",71,19,2.095510204081652,34376.0
326,rna.EB12,"Jeremy, son of Kenneth, grandson of Kimberly",47,20,2.1983673469387957,34094.0
327,rna.EB23,"Emily, son of Terence, grandson of Edmund",48,21,2.0832653061224686,35057.0
328,rna.EB18,"Bridget, son of Samuel, grandson of Jeremy",46,18,2.0661224489796104,33551.0
329,rna.EB12,"Joel, son of Terence, grandson of Nichola",54,19,2.176326530612265,33877.0
330,rna.EB9,"Vincent, son of Carolyn, grandson of Steven",53,18,2.141224489795938,33795.0
331,rna.EB39,"Veronica, son of Margaret, grandson of Arnold",67,17,2.091428571428591,33162.0
332,rna.EB30,"Virginia, son of William, grandson of Simon",50,19,2.1828571428571637,33919.0
333,rna.EB16,"Harold, son of Adelaida, grandson of Margaret",56,18,2.122448979591857,34285.0
334,rna.EB8,"Edward, son of Thomas, grandson of Cassandra",44,13,2.159183673469407,33208.0
335,rna.EB1,"Leonard, son of Simon, grandson of Nicholas",62,19,2.191836734693898,37873.0
336,rna.EB48,"Benjamin, son of Herbert, grandson of Michelle",49,18,2.2873469387755305,33368.0
337,rna.EB21,"Valerie, son of Veronica, grandson of Simon",49,17,2.1608163265306315,32684.0
338,rna.EB23,"Mary, son of Robert, grandson of Jane",47,21,2.2522448979592045,34166.0
339,rna.EB25,"Jeremiah, son of Francesca, grandson of Vincent",47,20,2.1616326530612446,34468.0
340,rna.EB15,"Josephine, son of Tobias, grandson of Alexander",50,21,2.1020408163265505,34328.0
341,rna.EB11,"Peter, son of Victoria, grandson of Deborah",50,20,2.154285714285735,34356.0
342,rna.EB45,"Francesca, son of Abraham, grandson of Edward",52,21,2.0685714285714476,34452.0
343,rna.EB26,"Steven, son of Augustus, grandson of Catherine",54,22,2.1640816326530814,35184.0
344,rna.EB35,"William, son of Walter, grandson of Francesca",63,19,1.9551020408163455,35162.0
345,rna.EB29,"Edward, son of Andrew, grandson of Steven",49,19,2.0269387755102226,34183.0
346,rna.EB21,"Virginia, son of Michelle, grandson of Amanda",54,24,2.0097959183673653,34489.0
347,rna.EB43,"Edward, son of Maria, grandson of Thomas",55,20,2.0571428571428765,33715.0
348,rna.EB7,"Daniel, son of Valerie, grandson of Susan",57,21,2.128979591836755,34139.0
349,rna.EB47,"Lucille, son of Virginia, grandson of Edmund",60,21,2.023673469387774,34319.0
350,rna.EB4,"Theresa, son of Gregory, grandson of Tobias",49,23,2.1493877551020613,34036.0
351,rna.EB24,"Antoinette, son of John, grandson of Geoffrey",61,23,2.097142857142877,33950.0
352,rna.EB27,"Maria, son of Jeremy, grandson of Russell",60,22,2.090612244897979,33860.0
353,rna.EB10,"Mathew, son of Edward, grandson of Jeremy",54,21,2.110204081632673,33844.0
354,rna.EB49,"Tamara, son of Lucille, grandson of Jeremy",52,20,2.148571428571448,34062.0
355,rna.EB18,"Gregory, son of Bridget, grandson of Joseph",60,23,2.063673469387775,33747.0
356,rna.EB37,"Martin, son of Adelaida, grandson of Thomas",55,23,2.206530612244918,34151.0
357,rna.EB22,"Edward, son of Tamara, grandson of Samuel",53,16,2.2122448979592044,34402.0
358,rna.EB35,"Nigel, son of Francesca, grandson of Helen",52,23,2.2204081632653256,34988.0
359,rna.EB6,"Tobias, son of Sharon, grandson of Madison",50,19,1.9991836734694064,33730.0
360,rna.EB17,"Christopher, son of William, grandson of Nigel",48,24,2.1469387755102245,35809.0
361,rna.EB46,"Stephen, son of Valerie, grandson of Mary",62,24,2.197551020408184,34792.0
362,rna.EB49,"Sharon, son of Bonnie, grandson of Norbert",59,24,2.176326530612265,34939.0
363,rna.EB11,"Zachary, son of Louis, grandson of Edmund",55,25,2.1420408163265505,35781.0
364,rna.EB42,"Elaine, son of Katrina, grandson of Megan",52,19,2.2269387755102246,34520.0
365,rna.EB41,"Elizabeth, son of Peregrine, grandson of Jordan",48,20,2.1534693877551225,35115.0
366,rna.EB12,"Harold, son of Terence, grandson of Dominick",52,22,2.0955102040816525,36132.0
367,rna.EB30,"Tobias, son of Margaret, grandson of Matthew",53,20,2.128163265306142,33985.0
368,rna.EB29,"Bartholomew, son of Violet, grandson of Frederick",63,21,2.21061224489798,34854.0
369,rna.EB46,"Augustus, son of Isabella, grandson of Jeffrey",62,23,1.997551020408181,34717.0
370,rna.EB1,"Josephine, son of Michael, grandson of Francesca",48,24,1.8873469387755284,34366.0
371,rna.EB32,"Alan, son of Regina, grandson of Terence",50,19,2.1175510204081833,33966.0
372,rna.EB13,"Madeline, son of Alan, grandson of Regina",48,19,2.0734693877551216,34299.0
373,rna.EB9,"Emily, son of Donald, grandson of Alan",50,20,2.2669387755102246,34714.0
374,rna.EB33,"Oliver, son of Samantha, grandson of Seymour",56,22,2.0840816326530804,35280.0
375,rna.EB5,"Jeremiah, son of Edwin, grandson of Seymour",60,21,2.2522448979592036,34402.0
376,rna.EB47,"Edmund, son of Thomas, grandson of Margaret",65,20,2.1902040816326735,33952.0
377,rna.EB0,"Tamsin, son of Reginald, grandson of Priscilla",56,22,2.1657142857143055,35059.0
378,rna.EB34,"Edmund, son of Stephen, grandson of Alan",58,23,2.1395918367347138,40868.0
379,rna.EB17,"Montmorency, son of Oliver, grandson of Tamsin",64,22,2.226938775510225,33923.0
380,rna.EB42,"Russell, son of Katrina, grandson of Edward",57,20,2.154285714285735,34637.0
381,rna.EB6,"Vincent, son of Kristen, grandson of David",49,24,2.2138775510204285,34247.0
382,rna.EB34,"Arthur, son of Daniel, grandson of Edward",57,26,2.1338775510204284,34891.0
383,rna.EB22,"Edward, son of Antoinette, grandson of Robert",54,24,2.155102040816346,34036.0
384,rna.EB49,"Andrew, son of Margaret, grandson of Benjamin",61,27,2.079183673469407,34968.0
385,rna.EB1,"Raphael, son of Andrew, grandson of Margaret",52,20,2.150204081632673,34023.0
386,rna.EB44,"Philip, son of Barbara, grandson of Alexandra",61,23,2.1004081632653264,34017.0
387,rna.EB39,"Mitchell, son of Ethel, grandson of Albert",53,25,2.2579591836734902,34910.0
388,rna.EB10,"William, son of Walter, grandson of Nigel",57,26,2.221224489795939,35127.0
389,rna.EB26,"Joel, son of Harold, grandson of Albert",57,24,2.183673469387776,35311.0
390,rna.EB30,"Tamsin, son of Howard, grandson of Veronica",53,20,2.210612244897979,34706.0
391,rna.EB13,"Rebecca, son of Beverley, grandson of Mitchell",58,23,2.173061224489817,34723.0
392,rna.EB42,"Cassandra, son of Cassandra, grandson of Nathaniel",59,24,2.1012244897959382,34257.0
393,rna.EB43,"Frances, son of Margaret, grandson of Thomas",53,22,2.079183673469408,34536.0
394,rna.EB9,"David, son of Tobias, grandson of Patricia",65,22,2.1746938775510403,34112.0
395,rna.EB4,"Trenton, son of Matthew, grandson of Walter",50,20,2.280816326530633,34224.0
396,rna.EB14,"Dominick, son of Jerome, grandson of Andrew",58,24,2.1722448979592035,34977.0
397,rna.EB0,"Louis, son of Judith, grandson of Frances",54,22,1.9281632653061402,34357.0
398,rna.EB30,"Anthony, son of Charles, grandson of Montgomery",52,20,2.1053061224489995,35268.0
399,rna.EB26,"Virginia, son of Anthony, grandson of Charles",47,19,2.093061224489816,34912.0
400,rna.EB12,"Charles, son of Teresa, grandson of Andrew",68,22,2.1159183673469584,35340.0
401,rna.EB26,"Leonardo, son of Paul, grandson of Michele",55,23,2.057142857142877,34225.0
402,rna.EB13,"Jeremy, son of Alan, grandson of Charles",49,26,2.0563265306122642,34535.0
403,rna.EB30,"Renee, son of Tamsin, grandson of Alan",49,20,2.098775510204101,34173.0
404,rna.EB31,"Seymour, son of Thomas, grandson of Jeremy",59,25,2.2293877551020613,34276.0
405,rna.EB3,"Augustine, son of Theodore, grandson of Alexandra",45,20,2.255510204081653,34494.0
406,rna.EB3,"Thomas, son of Victoria, grandson of Rachel",62,24,2.160816326530633,34186.0
407,rna.EB23,"Sharon, son of Eugene, grandson of Norbert",61,21,2.091428571428591,34819.0
408,rna.EB31,"Bonnie, son of Virginia, grandson of Bonnie",68,24,2.145306122448999,34852.0
409,rna.EB1,"Angus, son of William, grandson of Albert",58,21,2.2628571428571633,33725.0
410,rna.EB34,"Valerie, son of David, grandson of Bonnie",54,21,2.2212244897959397,34293.0
411,rna.EB3,"Eleanor, son of Joel, grandson of Maria",50,19,2.318367346938796,33698.0
412,rna.EB6,"Seymour, son of Natasha, grandson of Margaret",59,27,2.201632653061246,34573.0
413,rna.EB47,"Walter, son of Edwin, grandson of Seymour",55,21,2.1673469387755295,34279.0
414,rna.EB34,"Daniel, son of Herbert, grandson of Bridget",46,17,2.1436734693877755,33604.0
415,rna.EB27,"Daniel, son of Edmund, grandson of Natasha",46,18,2.21061224489798,34350.0
416,rna.EB11,"Tobias, son of David, grandson of Daniel",50,21,2.123265306122469,34124.0
417,rna.EB2,"Herbert, son of Angus, grandson of Jeremy",45,20,2.180408163265327,34844.0
418,rna.EB15,"Geoffrey, son of Franklin, grandson of Angus",48,19,2.208979591836755,35307.0
419,rna.EB0,"Eleanor, son of Geoffrey, grandson of Franklin",45,19,2.1567346938775716,35963.0
420,rna.EB45,"Russell, son of Philippa, grandson of Megan",49,17,2.161632653061245,34590.0
421,rna.EB31,"Peter, son of Thomas, grandson of Tobias",46,21,2.1306122448979794,35246.0
422,rna.EB6,"Jerome, son of Peter, grandson of Thomas",59,19,2.073469387755122,35926.0
423,rna.EB24,"Donald, son of Miranda, grandson of Paula",43,17,2.143673469387774,35258.0
424,rna.EB28,"Douglas, son of Judith, grandson of Kristen",42,20,2.008163265306141,35552.0
425,rna.EB16,"Adelaida, son of Elizabeth, grandson of Emily",44,21,2.0375510204081824,36060.0
426,rna.EB26,"Spencer, son of Charles, grandson of Alfred",42,21,2.218775510204102,35889.0
427,rna.EB12,"Patricia, son of Roderick, grandson of Bridget",46,15,2.2995918367347143,34330.0
428,rna.EB23,"William, son of Paul, grandson of Edward",42,20,2.1689795918367545,34004.0
429,rna.EB46,"Thomas, son of Vincent, grandson of Spencer",42,16,2.095510204081652,33742.0
430,rna.EB6,"Tamsin, son of Geoffrey, grandson of Stephen",50,16,2.1665306122449177,34410.0
431,rna.EB46,"Virginia, son of Deborah, grandson of Geoffrey",48,19,2.086530612244918,34758.0
432,rna.EB29,"Miranda, son of Philippa, grandson of Tamsin",35,19,2.0244897959183867,35810.0
433,rna.EB6,"Augustus, son of Barnaby, grandson of Victoria",39,15,2.0865306122449163,34152.0
434,rna.EB29,"Theresa, son of Vincent, grandson of Montgomery",40,13,2.196734693877571,34140.0
435,rna.EB8,"Victor, son of Theresa, grandson of Calvin",42,17,2.1510204081632844,34114.0
436,rna.EB38,"Trenton, son of Elizabeth, grandson of Theresa",45,15,2.014693877551039,33742.0
437,rna.EB5,"Margaret, son of Susan, grandson of Henry",42,17,2.011428571428591,34077.0
438,rna.EB6,"Louis, son of Peter, grandson of Trenton",40,13,2.2702040816326736,33459.0
439,rna.EB19,"Margaret, son of Abigail, grandson of Barnaby",47,16,2.019591836734713,33504.0
440,rna.EB11,"Harold, son of Martin, grandson of William",42,17,1.933877551020427,33858.0
441,rna.EB2,"Samantha, son of Daniel, grandson of Kenneth",36,13,2.1600000000000197,33210.0
442,rna.EB5,"Christine, son of Samantha, grandson of Daniel",56,16,2.1257142857143054,37247.0
443,rna.EB8,"Douglas, son of Stephen, grandson of Violet",42,14,2.20000000000002,33314.0
444,rna.EB47,"Edmund, son of Douglas, grandson of Stephen",50,18,2.1885714285714486,33739.0
445,rna.EB30,"Jacob, son of Edmund, grandson of Douglas",52,22,2.1257142857143063,34065.0
446,rna.EB24,"Ronald, son of Mathew, grandson of Louis",44,22,2.172244897959204,34169.0
447,rna.EB16,"Anne, son of Barnaby, grandson of Mitchell",53,19,2.200816326530633,33840.0
448,rna.EB1,"Angus, son of Abraham, grandson of Anthony",46,20,2.160816326530633,34632.0
449,rna.EB12,"Nathaniel, son of Katherine, grandson of Abraham",48,19,2.2000000000000206,33922.0
450,rna.EB42,"Terence, son of Stephen, grandson of Nathan",56,21,2.2538775510204294,34223.0
451,rna.EB34,"Kenneth, son of James, grandson of Norbert",47,18,2.297142857142878,33825.0
452,rna.EB41,"Madeline, son of Dwight, grandson of Jacob",49,19,2.3069387755102255,34099.0
453,rna.EB19,"Violet, son of Steven, grandson of Gustav",43,15,2.2538775510204285,33285.0
454,rna.EB14,"Veronica, son of Ronald, grandson of Jessica",62,24,2.2457142857143064,34196.0
455,rna.EB11,"Peter, son of Stephen, grandson of Theodore",55,21,2.074285714285734,34099.0
456,rna.EB17,"Deborah, son of Douglas, grandson of Andrew",47,20,2.1746938775510407,34303.0
457,rna.EB31,"John, son of John, grandson of Dorothy",50,18,2.098775510204102,34635.0
458,rna.EB26,"Victor, son of Catherine, grandson of Montgomery",54,17,2.256326530612266,34480.0
459,rna.EB15,"Barnaby, son of Sharon, grandson of Virginia",48,14,2.1673469387755304,33412.0
460,rna.EB21,"Catherine, son of Dominic, grandson of Leonardo",58,22,2.118367346938795,34471.0
461,rna.EB17,"Theodore, son of Vincent, grandson of Violet",50,23,2.1477551020408363,34862.0
462,rna.EB47,"Christine, son of Seymour, grandson of Seymour",49,23,2.0865306122449163,34446.0
463,rna.EB39,"Alfred, son of Philip, grandson of Geoffrey",59,23,2.1118367346938975,37121.0
464,rna.EB41,"Augustine, son of Veronica, grandson of Philip",61,21,2.197551020408184,34104.0
465,rna.EB11,"Gregory, son of Spencer, grandson of Walter",58,22,2.2546938775510412,34310.0
466,rna.EB37,"Pauline, son of Joshua, grandson of Mathew",46,22,2.2416326530612456,35187.0
467,rna.EB48,"Lawrence, son of Pauline, grandson of Joshua",50,24,2.12734693877553,33838.0
468,rna.EB25,"Edwin, son of Aloysius, grandson of Zachary",46,22,2.228571428571449,34575.0
469,rna.EB49,"Jordan, son of Jeffrey, grandson of Daniel",59,25,2.0775510204081833,34688.0
470,rna.EB9,"Jessica, son of Andrew, grandson of Matthew",50,20,2.0995918367347137,33864.0
471,rna.EB5,"Percival, son of David, grandson of Peter",52,22,2.1175510204081824,34186.0
472,rna.EB27,"Franklin, son of Alastair, grandson of Tamsin",51,18,2.185306122449,34239.0
473,rna.EB28,"Christine, son of Janet, grandson of Barbara",49,21,2.070204081632672,34300.0
474,rna.EB34,"Russell, son of Gerald, grandson of Howard",40,15,2.2481632653061427,33661.0
475,rna.EB45,"Theodore, son of John, grandson of Renee",63,20,2.1893877551020613,33702.0
476,rna.EB26,"Andrew, son of Joshua, grandson of Nathaniel",42,16,2.2383673469387957,34434.0
477,rna.EB3,"Trenton, son of Elizabeth, grandson of Miranda",47,19,2.255510204081653,38029.0
478,rna.EB18,"Montmorency, son of Montgomery, grandson of John",50,19,2.16734693877553,34635.0
479,rna.EB34,"Margaret, son of Charles, grandson of Victor",49,20,2.111020408163285,40849.0
480,rna.EB35,"Elaine, son of Natasha, grandson of Arthur",60,22,2.1510204081632858,34779.0
481,rna.EB32,"Victoria, son of Patricia, grandson of John",58,20,2.191020408163285,34115.0
482,rna.EB23,"Dominic, son of Theodore, grandson of Frederick",56,22,2.206530612244918,34532.0
483,rna.EB45,"Jeffrey, son of Dorothy, grandson of Victoria",51,22,2.1926530612245108,34649.0
484,rna.EB0,"Francesco, son of Francesco, grandson of Eleanor",46,20,2.196734693877571,34893.0
485,rna.EB27,"Victoria, son of Edmund, grandson of Abraham",42,19,2.2179591836734898,37817.0
486,rna.EB21,"Barbara, son of Elizabeth, grandson of John",52,22,2.2506122448979804,35193.0
487,rna.EB10,"Gerald, son of Russell, grandson of Thomas",43,20,2.1926530612245103,34693.0
488,rna.EB30,"William, son of Paula, grandson of Francesca",44,20,2.1755102040816534,35902.0
489,rna.EB11,"John, son of Josephine, grandson of Alan",63,25,2.2057142857143055,38329.0
490,rna.EB15,"Nathan, son of John, grandson of Valerie",54,19,2.1461224489796127,34137.0
491,rna.EB25,"James, son of Martin, grandson of Margaret",48,17,2.1208163265306323,34620.0
492,rna.EB46,"Thomas, son of Adelaida, grandson of Nathan",42,12,2.0693877551020603,43367.0
493,rna.EB11,"Gerald, son of Nicholas, grandson of Judith",42,13,2.155918367346959,34379.0
494,rna.EB12,"Edward, son of Jacob, grandson of Walter",53,17,2.000000000000018,34707.0
495,rna.EB15,"Madeline, son of Victoria, grandson of Nichola",44,16,2.164081632653082,33909.0
496,rna.EB13,"Beverley, son of Tamsin, grandson of Rebecca",41,16,2.199183673469409,34279.0
497,rna.EB48,"John, son of Ronald, grandson of Teresa",47,16,2.1746938775510407,37614.0
498,rna.EB42,"Jason, son of John, grandson of Ronald",40,14,2.057142857142876,34612.0
499,rna.EB46,"Judith, son of Augustine, grandson of Arthur",52,19,2.0979591836734888,34665.0
500,rna.EB21,"David, son of Geoffrey, grandson of Albert",52,17,2.060408163265326,37490.0
501,rna.EB5,"Janice, son of David, grandson of Geoffrey",53,16,2.143673469387775,34079.0
502,rna.EB10,"Jerome, son of Judith, grandson of Theresa",59,20,2.135510204081653,34782.0
503,rna.EB18,"Augustus, son of Alfred, grandson of Tamsin",57,20,2.124897959183693,34188.0
504,rna.EB6,"Steven, son of David, grandson of Jason",54,22,2.1428571428571628,34829.0
505,rna.EB21,"Edwin, son of Barnaby, grandson of Stephen",51,18,2.127346938775529,37452.0
506,rna.EB29,"Joel, son of Theodore, grandson of Simon",52,21,2.0432653061224677,34555.0
507,rna.EB41,"Jason, son of Steven, grandson of Samuel",46,23,1.9926530612245097,35593.0
508,rna.EB33,"Rodney, son of Jason, grandson of Steven",48,21,2.0742857142857316,34828.0
509,rna.EB15,"Andrew, son of William, grandson of Joel",61,21,2.085714285714304,37616.0
510,rna.EB11,"James, son of Tobias, grandson of Frederick",53,18,2.0130612244898156,37740.0
511,rna.EB34,"Tamara, son of Judith, grandson of Zachary",56,19,2.2775510204081835,34994.0
512,rna.EB31,"Thomas, son of Gregory, grandson of Teresa",52,21,2.2073469387755305,35177.0
513,rna.EB31,"Victor, son of William, grandson of Andrew",49,21,2.183673469387776,34772.0
514,rna.EB6,"Barbara, son of Anne, grandson of Henry",49,16,2.0865306122449176,34179.0
515,rna.EB6,"Teresa, son of Natasha, grandson of Victoria",53,19,2.070204081632672,34347.0
516,rna.EB22,"Judith, son of Margaret, grandson of Garfield",57,20,2.1257142857143063,35754.0
517,rna.EB23,"Virginia, son of Violet, grandson of Francesca",40,16,2.1208163265306315,34157.0
518,rna.EB42,"Paula, son of Steven, grandson of Edwin",51,22,2.1208163265306323,34916.0
519,rna.EB47,"Roderick, son of Antoinette, grandson of Francesca",58,17,2.2024489795918574,38042.0
520,rna.EB37,"Howard, son of Valerie, grandson of Herbert",52,20,2.3444897959183892,39194.0
521,rna.EB24,"Zachary, son of Charles, grandson of Roberta",50,18,2.24734693877553,35287.0
522,rna.EB31,"Victor, son of Joshua, grandson of Calvin",60,21,2.39591836734696,35316.0
523,rna.EB29,"Rebecca, son of Spencer, grandson of Edmund",61,24,2.270204081632675,35863.0
524,rna.EB33,"Edwin, son of Theresa, grandson of Catherine",49,23,2.324897959183695,35837.0
525,rna.EB36,"Simon, son of Stephen, grandson of Percival",45,17,2.2987755102041025,38184.0
526,rna.EB12,"Eleanor, son of Frederick, grandson of Montmorency",56,20,2.1591836734694083,35635.0
527,rna.EB0,"Augustine, son of Dolores, grandson of Raphael",55,22,2.0375510204081824,36140.0
528,rna.EB26,"Violet, son of Philip, grandson of Dolores",54,21,2.0751020408163465,35203.0
529,rna.EB40,"Edwin, son of Edward, grandson of Alexandra",64,21,2.1738775510204285,35128.0
530,rna.EB38,"Cassandra, son of Sarah, grandson of Thomas",62,19,2.2522448979592045,34811.0
531,rna.EB6,"Trenton, son of Cassandra, grandson of Sarah",49,24,2.0302040816326716,35469.0
532,rna.EB34,"Peregrine, son of Tamsin, grandson of Raphael",53,19,2.190204081632673,34754.0
533,rna.EB25,"William, son of Edward, grandson of Trenton",64,23,2.0065306122449167,39388.0
534,rna.EB31,"Mary, son of James, grandson of Edward",49,20,2.0955102040816525,35413.0
535,rna.EB39,"David, son of Andrew, grandson of Franklin",61,19,2.1322448979592044,35058.0
536,rna.EB35,"Virginia, son of William, grandson of Rodney",43,20,2.1730612244898153,35822.0
537,rna.EB14,"David, son of Henry, grandson of Jason",48,19,2.128979591836755,36274.0
538,rna.EB27,"Garfield, son of David, grandson of Henry",49,17,2.2065306122449178,35724.0
539,rna.EB45,"Elaine, son of Tamara, grandson of Anthony",52,22,2.195102040816347,36581.0
540,rna.EB15,"Jeremy, son of Terence, grandson of Tobias",56,19,2.1061224489796113,35354.0
541,rna.EB15,"Abigail, son of Zachary, grandson of Sharon",48,16,2.303673469387776,34740.0
542,rna.EB36,"Dominick, son of Elizabeth, grandson of Peter",45,18,2.1640816326530814,35172.0
543,rna.EB29,"William, son of Elizabeth, grandson of Carolyn",50,19,2.128979591836755,35197.0
544,rna.EB46,"Barnaby, son of Gerald, grandson of Dorothy",54,19,2.2081632653061427,35789.0
545,rna.EB49,"Valerie, son of Nathan, grandson of Kenneth",56,21,2.147755102040837,35663.0
546,rna.EB28,"Edmund, son of Virginia, grandson of Michael",43,17,2.1542857142857343,34891.0
547,rna.EB34,"Abigail, son of Steven, grandson of Arthur",49,18,2.25795918367349,35103.0
548,rna.EB48,"Carolyn, son of Arnold, grandson of Francesco",53,18,2.0424489795918563,34667.0
549,rna.EB29,"Oliver, son of Edward, grandson of Arnold",57,19,1.997551020408183,38820.0
550,rna.EB34,"Barbara, son of Francesco, grandson of Trenton",42,16,2.1657142857143055,38452.0
551,rna.EB18,"Garfield, son of Victoria, grandson of Richard",59,23,2.106938775510223,36287.0
552,rna.EB4,"Kenneth, son of Adelaida, grandson of Dorothy",49,22,2.065306122448998,36209.0
553,rna.EB2,"Edward, son of Jordan, grandson of Seymour",50,23,2.2318367346938977,35810.0
554,rna.EB44,"Ellen, son of Trenton, grandson of Theodore",48,20,2.1567346938775716,34852.0
555,rna.EB6,"Jane, son of Montgomery, grandson of Edward",44,18,2.1151020408163457,35456.0
556,rna.EB35,"Tamsin, son of James, grandson of Sharon",50,20,2.14204081632655,39140.0
557,rna.EB26,"Geoffrey, son of Nigel, grandson of Ronald",52,21,2.0816326530612446,35428.0
558,rna.EB34,"Francesco, son of Geoffrey, grandson of David",42,17,2.2636734693877756,35345.0
559,rna.EB39,"Norbert, son of Francesco, grandson of Geoffrey",60,20,2.0995918367347137,35416.0
560,rna.EB10,"Veronica, son of Abigail, grandson of Mary",45,20,2.2114285714285913,39070.0
561,rna.EB28,"Francesco, son of Francis, grandson of Tamsin",52,17,2.1012244897959382,35433.0
562,rna.EB6,"Benjamin, son of Virginia, grandson of Leonardo",58,23,2.0253061224489985,35912.0
563,rna.EB30,"Veronica, son of Jeremy, grandson of Paula",46,18,2.093061224489816,42667.0
564,rna.EB13,"Zachary, son of Margaret, grandson of Leonard",45,17,2.2702040816326736,35294.0
565,rna.EB45,"Nichola, son of Virginia, grandson of Peregrine",57,19,2.1959183673469598,36075.0
566,rna.EB26,"Geoffrey, son of Madeline, grandson of Katrina",46,16,2.215510204081654,35534.0
567,rna.EB49,"Theodore, son of Andrew, grandson of Thomas",55,21,2.208979591836755,35898.0
568,rna.EB10,"Paula, son of Tamara, grandson of Geoffrey",48,19,2.1510204081632853,35743.0
569,rna.EB43,"Gregory, son of Dorothy, grandson of Violet",49,21,2.091428571428591,35207.0
570,rna.EB25,"Clayton, son of Benjamin, grandson of Theresa",47,19,2.231836734693898,35262.0
571,rna.EB15,"Augustine, son of Clayton, grandson of Benjamin",52,23,2.0726530612245084,35700.0
572,rna.EB44,"Geoffrey, son of Janet, grandson of Alfred",61,20,1.951836734693897,34868.0
573,rna.EB49,"Josephine, son of Robert, grandson of Madeline",56,25,2.143673469387775,35340.0
574,rna.EB2,"Thomas, son of Frederick, grandson of William",57,24,2.092244897959204,35822.0
575,rna.EB22,"William, son of Thomas, grandson of Frederick",60,29,2.2383673469387952,35961.0
576,rna.EB6,"Anthony, son of Edwin, grandson of David",59,23,2.3028571428571643,35834.0
577,rna.EB49,"Geoffrey, son of William, grandson of Edwin",56,25,2.191020408163285,34572.0
578,rna.EB25,"Terence, son of David, grandson of Bridget",52,27,2.186938775510224,35910.0
579,rna.EB35,"Anthony, son of Walter, grandson of Tamsin",60,26,2.2048979591836932,35275.0
580,rna.EB38,"Amanda, son of Victoria, grandson of Montmorency",64,24,2.2040816326530814,35053.0
581,rna.EB23,"Susan, son of Trenton, grandson of Katrina",59,25,2.128163265306142,35431.0
582,rna.EB33,"Regina, son of Alexander, grandson of Percival",55,28,2.181224489795938,36041.0
583,rna.EB13,"Montague, son of Dolores, grandson of Theresa",57,30,2.0897959183673667,35974.0
584,rna.EB25,"Susan, son of Herbert, grandson of Priscilla",53,30,2.1755102040816534,36256.0
585,rna.EB10,"Antoinette, son of Vincent, grandson of Theresa",60,28,2.190204081632673,36115.0
586,rna.EB25,"Veronica, son of William, grandson of Renee",61,25,2.133061224489815,35564.0
587,rna.EB20,"Lawrence, son of Bartholomew, grandson of Sarah",62,32,2.1167346938775706,35938.0
588,rna.EB19,"Teresa, son of Peregrine, grandson of Veronica",48,27,2.1567346938775716,35787.0
589,rna.EB12,"Montmorency, son of Theodore, grandson of Isabella",56,28,2.088979591836755,35734.0
590,rna.EB27,"Abigail, son of Victoria, grandson of James",60,31,2.225306122449,36277.0
591,rna.EB20,"Jason, son of Catherine, grandson of Matthew",58,28,2.1804081632653265,35410.0
592,rna.EB28,"Geoffrey, son of Trenton, grandson of Leonardo",71,27,2.1812244897959396,35094.0
593,rna.EB45,"Virginia, son of Philippa, grandson of Jeremiah",56,23,2.0889795918367535,34848.0
594,rna.EB10,"Philip, son of Edward, grandson of Philippa",66,29,2.1240816326530823,35399.0
595,rna.EB18,"Abigail, son of Philip, grandson of Edward",60,26,2.2146938775510403,35232.0
596,rna.EB41,"Virginia, son of William, grandson of Stephen",50,27,2.17795918367349,35172.0
597,rna.EB27,"Spencer, son of Elizabeth, grandson of Edward",64,30,2.0938775510204275,35857.0
598,rna.EB46,"Theodore, son of Virginia, grandson of Norbert",64,29,2.1461224489796122,35096.0
599,rna.EB27,"Francesco, son of Margaret, grandson of Nicholas",54,24,2.1355102040816516,34786.0
600,rna.EB5,"Nichola, son of Eugene, grandson of Margaret",56,26,2.085714285714305,35126.0
601,rna.EB13,"Victor, son of Frances, grandson of Samuel",59,28,2.0816326530612437,35445.0
602,rna.EB41,"Donald, son of James, grandson of Victor",63,30,2.188571428571449,36040.0
603,rna.EB40,"Jordan, son of Theodore, grandson of Lawrence",65,25,2.1959183673469593,34690.0
604,rna.EB23,"Elizabeth, son of Joel, grandson of Andrew",59,30,2.150204081632673,35740.0
605,rna.EB38,"Walter, son of Gertrude, grandson of Bartholomew",54,29,2.035918367346958,35783.0
606,rna.EB45,"Nichola, son of Kimberly, grandson of Walter",58,26,2.101224489795938,35166.0
607,rna.EB18,"Andrew, son of Thomas, grandson of Walter",63,27,2.1787755102041015,35476.0
608,rna.EB16,"Daniel, son of Catherine, grandson of Alfred",55,25,2.099591836734714,35109.0
609,rna.EB44,"Leonard, son of Megan, grandson of Lucille",54,25,2.1208163265306323,35452.0
610,rna.EB23,"David, son of Steven, grandson of Violet",52,24,2.1061224489796118,35316.0
611,rna.EB22,"Terence, son of Tobias, grandson of Veronica",64,26,2.280000000000021,35327.0
612,rna.EB35,"Margaret, son of Dolores, grandson of Montmorency",52,25,2.26122448979594,35575.0
613,rna.EB26,"Jeremy, son of Stephen, grandson of Pauline",59,24,2.0963265306122643,35492.0
614,rna.EB48,"Oliver, son of Thomas, grandson of Jeremy",65,26,2.137142857142878,35901.0
615,rna.EB46,"Regina, son of Raphael, grandson of Jane",60,31,2.173061224489816,36051.0
616,rna.EB32,"David, son of Stephen, grandson of Daniel",57,29,2.1746938775510407,35720.0
617,rna.EB32,"Virginia, son of David, grandson of Antoinette",58,25,2.1453061224490004,35471.0
618,rna.EB16,"Dominick, son of John, grandson of Spencer",58,29,2.17795918367349,35441.0
619,rna.EB26,"Leonardo, son of Alfred, grandson of Joshua",54,26,2.1893877551020613,38784.0
620,rna.EB21,"Samantha, son of Margaret, grandson of Ronald",60,27,2.2146938775510403,36005.0
621,rna.EB22,"Katrina, son of Philippa, grandson of Dwight",69,30,2.0661224489796117,35877.0
622,rna.EB15,"Priscilla, son of Russell, grandson of Oliver",49,22,2.1926530612245103,34916.0
623,rna.EB32,"Kimberly, son of Priscilla, grandson of Russell",51,22,2.2122448979592044,34994.0
624,rna.EB5,"Howard, son of Nigel, grandson of Victor",65,29,2.248163265306144,35712.0
625,rna.EB40,"Natasha, son of Howard, grandson of Nigel",52,27,2.1395918367347146,39421.0
626,rna.EB47,"Abigail, son of Geoffrey, grandson of Madeline",61,27,2.213061224489817,35922.0
627,rna.EB15,"Tobias, son of Margaret, grandson of Francesco",59,26,2.2138775510204294,36180.0
628,rna.EB42,"Edmund, son of Sarah, grandson of Philip",54,25,2.1624489795918573,49288.0
629,rna.EB42,"Thomas, son of Megan, grandson of Tobias",59,22,2.2187755102041025,35574.0
630,rna.EB48,"Tamara, son of Elizabeth, grandson of Peter",58,25,2.166530612244918,35315.0
631,rna.EB38,"Alan, son of Rachel, grandson of Helen",61,26,2.120816326530632,35332.0
632,rna.EB18,"Walter, son of Augustine, grandson of Teresa",70,31,2.1681632653061427,35807.0
633,rna.EB44,"Vincent, son of Tobias, grandson of Tobias",58,25,2.009795918367366,38453.0
634,rna.EB41,"Ellen, son of Nathan, grandson of Sharon",57,30,2.045714285714305,39024.0
635,rna.EB40,"Isabella, son of Charles, grandson of Jane",65,27,2.110204081632672,35476.0
636,rna.EB34,"Margaret, son of Harold, grandson of Alfred",56,26,2.0995918367347137,35330.0
637,rna.EB8,"Leonard, son of Edwin, grandson of Jeremy",61,31,2.159183673469408,39413.0
638,rna.EB16,"Veronica, son of Jerome, grandson of Kenneth",58,31,2.2130612244898153,36181.0
639,rna.EB33,"Megan, son of Percival, grandson of Samantha",54,33,2.2008163265306324,36267.0
640,rna.EB46,"Ronald, son of Theresa, grandson of Frances",67,34,2.2587755102041025,36325.0
641,rna.EB2,"James, son of Kenneth, grandson of Tamara",67,30,2.203265306122469,37023.0
642,rna.EB44,"Nathaniel, son of Mary, grandson of Benjamin",67,31,2.190204081632673,38809.0
643,rna.EB20,"Charles, son of Harold, grandson of Stephen",60,30,2.1044897959183873,36031.0
644,rna.EB9,"Barbara, son of William, grandson of Bridget",59,26,2.220408163265327,42562.0
645,rna.EB33,"Barnaby, son of Katherine, grandson of Ronald",56,22,2.177142857142877,34978.0
646,rna.EB0,"Trenton, son of Andrew, grandson of Mitchell",54,24,2.040000000000019,34825.0
647,rna.EB39,"Steven, son of Edmund, grandson of Rodney",62,27,2.1061224489796118,35630.0
648,rna.EB13,"Edward, son of Arthur, grandson of Charles",62,31,2.0179591836734883,35669.0
649,rna.EB46,"Tamsin, son of Bridget, grandson of Trenton",66,30,2.164897959183693,36804.0
650,rna.EB33,"Amanda, son of John, grandson of Edward",57,31,2.194285714285735,35794.0
651,rna.EB16,"Emily, son of Dominick, grandson of William",62,23,2.1428571428571623,34957.0
652,rna.EB40,"Andrew, son of Dorothy, grandson of Thomas",59,27,2.177142857142877,35654.0
653,rna.EB38,"Augustus, son of David, grandson of Theresa",62,31,2.1355102040816525,35977.0
654,rna.EB9,"Alfred, son of Tamsin, grandson of Michelle",55,29,2.213877551020429,35635.0
655,rna.EB25,"Maria, son of Martin, grandson of David",67,26,2.1722448979592044,34898.0
656,rna.EB31,"Nathaniel, son of Jennifer, grandson of Margaret",61,31,2.1706122448979794,36015.0
657,rna.EB43,"Anne, son of Peter, grandson of Sharon",62,30,2.158367346938796,35475.0
658,rna.EB23,"Victor, son of Aloysius, grandson of Vincent",73,29,2.1493877551020617,35681.0
659,rna.EB25,"Samuel, son of Madeline, grandson of Nichole",63,34,2.1428571428571623,36588.0
660,rna.EB45,"Judith, son of Samuel, grandson of Madeline",62,28,1.9461224489796107,35434.0
661,rna.EB43,"James, son of Madeline, grandson of Hilary",65,28,2.1714285714285912,35267.0
662,rna.EB43,"Paul, son of Edwin, grandson of Judith",63,28,2.200816326530632,35858.0
663,rna.EB32,"Deborah, son of Tobias, grandson of Garfield",56,30,2.2432653061224697,35865.0
664,rna.EB35,"Deborah, son of Bonnie, grandson of Joshua",56,30,2.2987755102041034,35536.0
665,rna.EB44,"Paul, son of Anthony, grandson of Theodore",65,25,2.226938775510224,35330.0
666,rna.EB28,"Madison, son of Paul, grandson of Anthony",58,25,2.2424489795918574,35060.0
667,rna.EB18,"William, son of Deborah, grandson of Samantha",54,26,2.2506122448979795,35439.0
668,rna.EB42,"Jeffrey, son of Clayton, grandson of Natasha",58,31,2.1575510204081843,36190.0
669,rna.EB27,"Anne, son of Maria, grandson of Thomas",57,29,2.18204081632655,35442.0
670,rna.EB8,"Simon, son of Kimberly, grandson of Peregrine",72,31,2.191020408163285,35245.0
671,rna.EB40,"Tamara, son of Tamara, grandson of Edwin",66,29,2.1232653061224678,35322.0
672,rna.EB17,"Andrew, son of Tamara, grandson of Tamara",64,27,2.154285714285735,35136.0
673,rna.EB18,"Edward, son of Barnaby, grandson of William",70,31,2.155102040816347,35408.0
674,rna.EB8,"Joshua, son of Eugene, grandson of Angus",65,35,2.227755102040837,36375.0
675,rna.EB15,"Henry, son of Ethel, grandson of Edward",63,30,2.101224489795938,35671.0
676,rna.EB8,"Geoffrey, son of Deborah, grandson of Simon",62,29,2.255510204081653,35601.0
677,rna.EB19,"Jessica, son of Natasha, grandson of Madison",66,35,2.1877551020408372,35827.0
678,rna.EB12,"William, son of Jane, grandson of Oliver",70,33,2.2220408163265506,36015.0
679,rna.EB33,"Stephen, son of William, grandson of Jane",70,31,2.2326530612245095,35738.0
680,rna.EB44,"Tobias, son of Victor, grandson of Rachel",69,28,2.1681632653061436,35331.0
681,rna.EB44,"John, son of Anthony, grandson of John",66,29,2.128163265306143,35246.0
682,rna.EB34,"Simon, son of Walter, grandson of Edward",70,30,2.110204081632672,35353.0
683,rna.EB25,"Herbert, son of Edmund, grandson of Dwight",67,33,2.1232653061224687,35741.0
684,rna.EB7,"Donald, son of Bonnie, grandson of Janice",62,29,2.2081632653061427,35530.0
685,rna.EB2,"Gerald, son of Bridget, grandson of Antoinette",65,34,2.1012244897959387,35734.0
686,rna.EB39,"Violet, son of Douglas, grandson of Russell",62,30,2.138775510204101,35614.0
687,rna.EB0,"Ronald, son of Robert, grandson of Spencer",64,32,2.25061224489798,35512.0
688,rna.EB32,"Calvin, son of John, grandson of Vincent",70,33,2.24000000000002,35948.0
689,rna.EB37,"Harold, son of John, grandson of Simon",75,30,2.226938775510225,35963.0
690,rna.EB27,"Megan, son of Josephine, grandson of Theresa",67,29,2.2987755102041034,35642.0
691,rna.EB36,"Amanda, son of Nichole, grandson of Joseph",57,29,2.274285714285736,35412.0
692,rna.EB41,"Madeline, son of Philippa, grandson of Nichole",74,33,2.057142857142876,35463.0
693,rna.EB47,"Regina, son of Katherine, grandson of Simon",57,29,2.0473469387755294,35598.0
694,rna.EB41,"Tamsin, son of Samantha, grandson of Madeline",63,34,2.2644897959183887,36078.0
695,rna.EB45,"Victoria, son of Trenton, grandson of Tamsin",58,29,2.258775510204102,35591.0
696,rna.EB11,"David, son of Judith, grandson of Virginia",63,27,2.119183673469408,35269.0
697,rna.EB9,"Peter, son of Carolyn, grandson of Charles",69,32,2.155918367346959,36645.0
698,rna.EB32,"Cassandra, son of Megan, grandson of Percival",74,27,2.128163265306142,35534.0
699,rna.EB16,"Elaine, son of William, grandson of William",60,32,2.1918367346938985,35805.0
700,rna.EB29,"Teresa, son of Virginia, grandson of Sharon",57,30,2.0220408163265504,35425.0
701,rna.EB25,"Sharon, son of Leonard, grandson of Jason",65,28,1.9526530612245083,35368.0
702,rna.EB26,"Veronica, son of Ronald, grandson of Ellen",65,35,2.103673469387775,36369.0
703,rna.EB45,"Howard, son of Adelaida, grandson of Jeremy",73,30,2.2424489795918574,35371.0
704,rna.EB13,"Madison, son of Victoria, grandson of John",64,32,2.2416326530612456,35636.0
705,rna.EB32,"Tamara, son of Benjamin, grandson of Michele",76,37,2.1502040816326726,36278.0
706,rna.EB25,"Ronald, son of Daniel, grandson of Benjamin",66,36,2.2840816326530815,35750.0
707,rna.EB12,"Bridget, son of Edwin, grandson of William",64,31,2.1616326530612437,36164.0
708,rna.EB24,"Veronica, son of Rachel, grandson of Barbara",61,28,2.183673469387776,35089.0
709,rna.EB18,"Janet, son of Montgomery, grandson of David",70,30,2.0767346938775706,35207.0
710,rna.EB37,"Spencer, son of Edward, grandson of Robert",58,24,2.163265306122469,35461.0
711,rna.EB11,"Bridget, son of Elizabeth, grandson of Dominick",59,29,2.1959183673469593,35698.0
712,rna.EB20,"Arthur, son of Mathew, grandson of Spencer",73,31,2.25795918367349,35405.0
713,rna.EB1,"Paul, son of Ronald, grandson of Simon",61,29,2.1730612244898158,35442.0
714,rna.EB35,"Nichole, son of Virginia, grandson of Tamsin",64,25,2.091428571428592,34792.0
715,rna.EB1,"Louis, son of Jeremy, grandson of Emily",56,31,2.1069387755102236,35708.0
716,rna.EB44,"Benjamin, son of Violet, grandson of Geoffrey",62,30,2.302857142857164,35282.0
717,rna.EB33,"Tobias, son of Theodore, grandson of Jennifer",61,28,2.2995918367347152,35429.0
718,rna.EB15,"Trenton, son of Janice, grandson of Theodore",65,28,2.194285714285734,35137.0
719,rna.EB26,"Edwin, son of Francesca, grandson of Margaret",65,25,2.1175510204081838,35133.0
720,rna.EB40,"Pauline, son of Vincent, grandson of Violet",62,22,2.2506122448979795,34132.0
721,rna.EB8,"Jeremiah, son of Veronica, grandson of Walter",64,30,2.240000000000021,35558.0
722,rna.EB44,"Leonardo, son of Raymond, grandson of Katrina",75,27,2.168979591836755,35406.0
723,rna.EB26,"Alan, son of Peter, grandson of Mathew",67,34,2.2465306122449187,35929.0
724,rna.EB19,"Eleanor, son of Paula, grandson of Jane",64,27,2.198367346938796,34790.0
725,rna.EB22,"Lucille, son of Philip, grandson of Michelle",55,28,2.1951020408163475,35285.0
726,rna.EB6,"Nichola, son of Alfred, grandson of Miranda",72,30,2.2359183673469594,35607.0
727,rna.EB42,"Ethel, son of William, grandson of Andrew",58,29,2.269387755102062,35115.0
728,rna.EB32,"Augustine, son of Cassandra, grandson of Nichola",64,26,2.2261224489796123,35091.0
729,rna.EB6,"William, son of Tobias, grandson of Ethel",66,30,2.1551020408163453,35284.0
730,rna.EB1,"Montague, son of Daniel, grandson of Percival",71,32,2.133877551020428,35567.0
731,rna.EB27,"Dorothy, son of Edwin, grandson of Janice",64,31,2.1934693877551217,35285.0
732,rna.EB47,"Madison, son of Hilary, grandson of Bonnie",66,35,2.2253061224490014,36483.0
733,rna.EB45,"Abraham, son of Walter, grandson of Dorothy",67,24,1.9902040816326725,34540.0
734,rna.EB30,"Frances, son of Jeremiah, grandson of Ethel",65,31,2.2285714285714495,35729.0
735,rna.EB38,"Thomas, son of Stephen, grandson of Jeffrey",78,30,2.0424489795918555,35219.0
736,rna.EB4,"Elaine, son of Francesca, grandson of Charles",66,29,2.0881632653061413,35715.0
737,rna.EB20,"Thomas, son of Raymond, grandson of Simon",63,28,2.1175510204081833,35263.0
738,rna.EB35,"Steven, son of Edward, grandson of Christopher",69,38,2.204081632653081,36521.0
739,rna.EB11,"Virginia, son of Steven, grandson of Edward",57,28,2.102040816326551,35845.0
740,rna.EB29,"Roderick, son of Simon, grandson of Edward",56,28,2.1697959183673667,35956.0
741,rna.EB9,"Josephine, son of Dominic, grandson of Clayton",60,27,2.2367346938775707,35914.0
742,rna.EB0,"Zachary, son of Josephine, grandson of Dominic",68,31,2.139591836734715,36182.0
743,rna.EB2,"Daniel, son of Edwin, grandson of Kenneth",67,33,2.078367346938794,36098.0
744,rna.EB23,"Leonard, son of Francis, grandson of Hilary",69,33,2.1575510204081834,36131.0
745,rna.EB1,"Jeremiah, son of Terence, grandson of Thomas",64,30,2.1306122448979794,36196.0
746,rna.EB34,"Lawrence, son of Jessica, grandson of Jordan",65,35,2.0946938775510406,36081.0
747,rna.EB28,"Harold, son of Walter, grandson of Franklin",66,31,2.080816326530631,35527.0
748,rna.EB25,"Lawrence, son of Tobias, grandson of Andrew",63,28,2.12000000000002,35940.0
749,rna.EB18,"Dolores, son of Edwin, grandson of Thomas",60,30,2.0840816326530813,35683.0
750,rna.EB31,"Anthony, son of Abigail, grandson of Frances",62,33,2.2326530612245103,36099.0
751,rna.EB34,"Natasha, son of Anthony, grandson of Abigail",59,25,2.2293877551020613,35621.0
752,rna.EB31,"Jerome, son of Regina, grandson of Abraham",70,30,2.057959183673488,36095.0
753,rna.EB37,"Regina, son of Jason, grandson of Alexandra",66,34,2.140408163265325,36647.0
754,rna.EB30,"Theresa, son of Rebecca, grandson of Dominick",65,37,2.0832653061224695,36622.0
755,rna.EB21,"Louis, son of Valerie, grandson of Augustus",63,37,2.129795918367366,36407.0
756,rna.EB26,"Steven, son of Priscilla, grandson of Thomas",72,32,2.1273469387755304,35670.0
757,rna.EB48,"Ronald, son of William, grandson of Ethel",65,34,2.0816326530612446,36040.0
758,rna.EB32,"Mitchell, son of Deborah, grandson of Steven",73,37,2.140408163265326,36665.0
759,rna.EB15,"Valerie, son of Bartholomew, grandson of Eugene",70,33,2.1053061224489986,35818.0
760,rna.EB8,"Francesco, son of Edwin, grandson of William",63,33,2.1314285714285908,35970.0
761,rna.EB33,"Teresa, son of Montgomery, grandson of Montmorency",65,31,2.143673469387775,35700.0
762,rna.EB34,"Montague, son of Dwight, grandson of Christopher",59,29,2.227755102040836,35660.0
763,rna.EB0,"Franklin, son of Miranda, grandson of Arnold",68,38,2.266938775510224,36058.0
764,rna.EB22,"Roderick, son of Alfred, grandson of Miranda",71,34,2.2261224489796123,35910.0
765,rna.EB4,"Edward, son of Jessica, grandson of Stephen",74,34,2.2351020408163484,36643.0
766,rna.EB16,"Madison, son of Reginald, grandson of Raymond",55,27,2.2914285714285927,35173.0
767,rna.EB33,"Kenneth, son of Katrina, grandson of Victoria",67,30,2.2497959183673673,35563.0
768,rna.EB12,"Lawrence, son of Richard, grandson of Charles",64,26,2.2187755102041025,35080.0
769,rna.EB15,"Joseph, son of Natasha, grandson of Montgomery",70,34,2.1967346938775716,36564.0
770,rna.EB22,"Nathaniel, son of Mathew, grandson of David",66,30,2.1951020408163466,35883.0
771,rna.EB13,"Victor, son of Elizabeth, grandson of Tobias",72,33,2.015510204081652,36040.0
772,rna.EB6,"Matthew, son of Victor, grandson of Elizabeth",66,33,2.058775510204102,36090.0
773,rna.EB14,"William, son of Dwight, grandson of Amanda",64,32,2.211428571428592,35909.0
774,rna.EB27,"Mary, son of William, grandson of Theodore",64,30,2.2187755102041025,35547.0
775,rna.EB34,"Edmund, son of Mary, grandson of William",63,34,2.1779591836734893,36251.0
776,rna.EB39,"Isabella, son of Alexandra, grandson of David",70,38,2.0832653061224686,36647.0
777,rna.EB45,"Zachary, son of Jerome, grandson of Ellen",65,34,2.206530612244918,36446.0
778,rna.EB44,"Jason, son of Howard, grandson of Vincent",70,34,2.2114285714285917,37356.0
779,rna.EB0,"John, son of Jason, grandson of Howard",75,32,2.093877551020429,36182.0
780,rna.EB26,"Francesca, son of Victoria, grandson of Anne",65,29,2.203265306122469,35289.0
781,rna.EB10,"Mary, son of Elizabeth, grandson of Veronica",65,35,2.1306122448979794,36578.0
782,rna.EB42,"Jerome, son of Theresa, grandson of Elizabeth",72,33,2.208979591836756,36418.0
783,rna.EB9,"Tamara, son of Beverley, grandson of Edwin",63,33,2.3534693877551236,36042.0
784,rna.EB29,"Edwin, son of Miranda, grandson of Virginia",61,33,2.2685714285714504,36294.0
785,rna.EB26,"Alexandra, son of Zachary, grandson of Carolyn",70,31,2.2971428571428776,36055.0
786,rna.EB30,"James, son of Abraham, grandson of Thomas",75,32,2.2620408163265506,36296.0
787,rna.EB34,"Joseph, son of Dominick, grandson of Alan",62,28,2.1722448979592035,35763.0
788,rna.EB2,"Veronica, son of Tamsin, grandson of Leonard",61,33,2.1795918367347142,36082.0
789,rna.EB27,"Nathaniel, son of Walter, grandson of Simon",76,32,2.1224489795918564,35749.0
790,rna.EB27,"Jacob, son of Edwin, grandson of Thomas",65,26,2.1355102040816525,35164.0
791,rna.EB14,"Jeremy, son of Barbara, grandson of Edwin",69,31,2.1910204081632854,36294.0
792,rna.EB19,"Miranda, son of Alfred, grandson of Ellen",66,32,2.1444897959183877,35768.0
793,rna.EB28,"Carolyn, son of James, grandson of Virginia",62,33,2.108571428571448,36447.0
794,rna.EB40,"Ethel, son of Francesco, grandson of Sharon",78,34,2.0244897959183867,36218.0
795,rna.EB38,"Russell, son of Jane, grandson of Cassandra",65,35,2.1159183673469584,36826.0
796,rna.EB39,"David, son of Trenton, grandson of Roderick",60,35,2.131428571428591,37080.0
797,rna.EB2,"Madison, son of Jessica, grandson of Alexandra",60,33,2.158367346938795,36828.0
798,rna.EB22,"Teresa, son of Jordan, grandson of David",67,34,2.1355102040816525,36301.0
799,rna.EB35,"Michele, son of Roderick, grandson of Emily",65,31,2.1306122448979794,35959.0
800,rna.EB48,"Rebecca, son of Benjamin, grandson of Ellen",81,35,2.1134693877551207,35822.0
801,rna.EB32,"Nathaniel, son of Sharon, grandson of Gerald",71,32,2.034285714285734,36337.0
802,rna.EB39,"Daniel, son of Trenton, grandson of Alfred",68,36,2.0024489795918563,36144.0
803,rna.EB49,"Jason, son of Bonnie, grandson of Zachary",63,30,2.2106122448979795,35989.0
804,rna.EB19,"Nigel, son of John, grandson of Montague",60,33,2.05469387755104,36641.0
805,rna.EB49,"Simon, son of Walter, grandson of Montague",60,32,2.0922448979592034,36277.0
806,rna.EB5,"Howard, son of Peter, grandson of Leonard",64,32,2.08000000000002,36712.0
807,rna.EB42,"Victoria, son of Eugene, grandson of Matthew",63,29,2.013877551020427,35667.0
808,rna.EB3,"Martin, son of Jennifer, grandson of Deborah",65,27,2.1706122448979794,36145.0
809,rna.EB33,"Edward, son of Terence, grandson of Robert",62,32,2.190204081632674,36587.0
810,rna.EB14,"Howard, son of Veronica, grandson of Gerald",71,33,2.132244897959204,36118.0
811,rna.EB0,"Hilary, son of Michael, grandson of Peregrine",61,31,2.182040816326551,35461.0
812,rna.EB21,"Regina, son of Virginia, grandson of Geoffrey",61,27,2.105306122449,35628.0
813,rna.EB37,"Arnold, son of Peter, grandson of William",70,37,2.0310204081632843,37250.0
814,rna.EB36,"Theresa, son of Abraham, grandson of Jennifer",61,32,2.1085714285714485,36211.0
815,rna.EB44,"Roberta, son of Peregrine, grandson of Katherine",63,30,1.9861224489796105,36179.0
816,rna.EB13,"Norbert, son of Lawrence, grandson of Edwin",63,33,2.0408163265306327,36697.0
817,rna.EB43,"William, son of Norbert, grandson of Lawrence",75,31,2.117551020408183,36119.0
818,rna.EB47,"David, son of Zachary, grandson of Virginia",62,30,2.1395918367347146,36120.0
819,rna.EB47,"Oliver, son of Francesco, grandson of William",69,32,2.2171428571428775,36223.0
820,rna.EB3,"Francis, son of Barnaby, grandson of Virginia",64,32,2.175510204081653,35845.0
821,rna.EB9,"Mary, son of Lucille, grandson of Matthew",72,31,2.137959183673489,37177.0
822,rna.EB47,"Vincent, son of Theresa, grandson of Gertrude",69,37,2.0457142857143054,36097.0
823,rna.EB31,"Natasha, son of Virginia, grandson of Mary",68,36,2.2016326530612447,36378.0
824,rna.EB17,"Theresa, son of Abraham, grandson of Tobias",75,35,2.1918367346938976,36177.0
825,rna.EB32,"Angus, son of Regina, grandson of Isabella",76,33,2.1877551020408377,36220.0
826,rna.EB1,"Jeremiah, son of Angus, grandson of Regina",74,39,2.1869387755102245,36440.0
827,rna.EB3,"Andrew, son of Nichole, grandson of Kenneth",73,42,2.2130612244898162,36218.0
828,rna.EB21,"Vincent, son of Margaret, grandson of Montmorency",68,32,2.0930612244898157,35580.0
829,rna.EB11,"Elizabeth, son of Oliver, grandson of Leonardo",70,32,2.2310204081632867,36270.0
830,rna.EB46,"Victoria, son of Thomas, grandson of Montmorency",80,32,2.2285714285714495,36132.0
831,rna.EB16,"Trenton, son of Ronald, grandson of Bonnie",74,40,2.0293877551020607,36069.0
832,rna.EB12,"Herbert, son of Beverley, grandson of Gertrude",75,38,2.0938775510204284,35710.0
833,rna.EB20,"Patricia, son of Charles, grandson of Trenton",79,39,2.1828571428571624,36838.0
834,rna.EB0,"Susan, son of Michelle, grandson of Jeremiah",77,30,2.0465306122449167,35210.0
835,rna.EB5,"Priscilla, son of Susan, grandson of Michelle",74,34,2.200816326530633,35278.0
836,rna.EB47,"Augustine, son of Tamsin, grandson of Alexandra",77,35,2.239183673469409,35680.0
837,rna.EB35,"Garfield, son of Douglas, grandson of Christopher",71,35,2.1404081632653265,35287.0
838,rna.EB49,"Gregory, son of Edward, grandson of Adelaida",76,37,2.2693877551020614,35848.0
839,rna.EB48,"Frances, son of Nichole, grandson of Gerald",77,35,2.125714285714306,35269.0
840,rna.EB43,"Beverley, son of Peter, grandson of Virginia",77,38,2.0367346938775706,35220.0
841,rna.EB16,"Tamara, son of Beverley, grandson of Peter",79,37,2.090612244897979,35248.0
842,rna.EB40,"Judith, son of James, grandson of Louis",74,36,2.0465306122449167,35285.0
843,rna.EB8,"Gerald, son of Kristen, grandson of Jessica",69,40,2.2726530612245104,35568.0
844,rna.EB5,"Geoffrey, son of Alexandra, grandson of Richard",78,35,2.213877551020429,35468.0
845,rna.EB41,"Tamsin, son of Michelle, grandson of Philip",77,42,2.2195918367347147,35940.0
846,rna.EB15,"Antoinette, son of Simon, grandson of Margaret",78,37,2.2555102040816535,36202.0
847,rna.EB18,"Nathaniel, son of Jerome, grandson of Theodore",69,37,2.1420408163265505,35344.0
848,rna.EB40,"Edwin, son of Tamara, grandson of Carolyn",85,40,2.008163265306141,35649.0
849,rna.EB6,"Theresa, son of Katrina, grandson of Violet",85,40,2.084897959183693,35318.0
850,rna.EB48,"Montgomery, son of Arthur, grandson of Nichola",69,46,2.172244897959203,36134.0
851,rna.EB25,"William, son of William, grandson of Jeremiah",85,43,2.091428571428591,36266.0
852,rna.EB10,"Teresa, son of Charles, grandson of Victoria",75,38,2.215510204081653,35921.0
853,rna.EB14,"Victor, son of Raymond, grandson of Victor",76,40,2.213877551020428,35872.0
854,rna.EB36,"Pauline, son of Nichole, grandson of Teresa",77,43,2.273469387755123,36125.0
855,rna.EB10,"Miranda, son of Angus, grandson of Paula",67,29,2.0848979591836927,34670.0
856,rna.EB28,"Montmorency, son of Christopher, grandson of Veronica",74,35,2.1428571428571623,35377.0
857,rna.EB16,"Eugene, son of Edwin, grandson of Frances",79,33,2.215510204081653,35127.0
858,rna.EB2,"Veronica, son of Trenton, grandson of Franklin",68,34,2.284897959183694,35203.0
859,rna.EB20,"Megan, son of William, grandson of Tobias",80,34,2.160816326530632,35614.0
860,rna.EB23,"Lawrence, son of Seymour, grandson of Montgomery",70,35,2.135510204081653,35514.0
861,rna.EB3,"Teresa, son of Helen, grandson of Valerie",71,38,2.1224489795918564,35741.0
862,rna.EB22,"Arnold, son of Emily, grandson of Nathan",70,41,2.1551020408163457,36053.0
863,rna.EB34,"Gregory, son of Peter, grandson of Alfred",75,42,2.1551020408163466,35618.0
864,rna.EB1,"Alexander, son of Barnaby, grandson of Arnold",70,41,2.1126530612245094,35937.0
865,rna.EB28,"John, son of Mathew, grandson of Barnaby",70,45,2.086530612244917,36054.0
866,rna.EB17,"Montmorency, son of Thomas, grandson of Steven",73,42,2.165714285714306,36131.0
867,rna.EB44,"Edward, son of Jeremiah, grandson of Rachel",74,39,2.191836734693897,35858.0
868,rna.EB47,"Victor, son of Bridget, grandson of Martin",72,38,2.2628571428571638,35194.0
869,rna.EB7,"William, son of Victoria, grandson of Steven",67,38,2.1934693877551217,35388.0
870,rna.EB9,"Katherine, son of Reginald, grandson of Edmund",74,38,2.092244897959203,37058.0
871,rna.EB26,"Madison, son of Trenton, grandson of Robert",70,37,2.0906122448979794,35387.0
872,rna.EB48,"Seymour, son of Douglas, grandson of Roderick",74,40,2.0628571428571623,35574.0
873,rna.EB42,"Jacob, son of Renee, grandson of Trenton",81,38,2.1110204081632853,35722.0
874,rna.EB16,"Anne, son of Valerie, grandson of Renee",73,36,1.986938775510223,35603.0
875,rna.EB32,"Isabella, son of Alastair, grandson of Deborah",73,40,1.8187755102040997,35981.0
876,rna.EB14,"Beverley, son of Margaret, grandson of Dominic",76,38,2.060408163265326,35735.0
877,rna.EB28,"Donald, son of Stephen, grandson of Tamsin",74,42,2.186122448979612,36448.0
878,rna.EB4,"Abraham, son of Tamsin, grandson of Katrina",76,37,2.0620408163265505,35821.0
879,rna.EB26,"Andrew, son of Walter, grandson of William",68,33,2.0897959183673662,35391.0
880,rna.EB17,"Gustav, son of Edward, grandson of Susan",80,33,2.1967346938775707,34965.0
881,rna.EB23,"William, son of Katrina, grandson of Andrew",77,36,2.065306122448999,35899.0
882,rna.EB8,"Teresa, son of Clayton, grandson of Gustav",70,35,2.137142857142877,35472.0
883,rna.EB0,"Andrew, son of Franklin, grandson of Susan",70,37,1.984489795918387,36190.0
884,rna.EB42,"Thomas, son of Abraham, grandson of John",69,32,2.035102040816346,35050.0
885,rna.EB16,"Roderick, son of Douglas, grandson of Charles",74,39,2.174693877551041,36094.0
886,rna.EB47,"Trenton, son of Roderick, grandson of Douglas",73,36,2.1763265306122648,35775.0
887,rna.EB36,"Antoinette, son of Madison, grandson of Roderick",68,37,2.1959183673469584,35730.0
888,rna.EB43,"Barbara, son of Veronica, grandson of Trenton",71,41,2.164897959183693,35187.0
889,rna.EB11,"Francesca, son of Victor, grandson of Catherine",69,39,2.1681632653061427,35942.0
890,rna.EB18,"Deborah, son of Russell, grandson of Madison",70,45,2.2465306122449182,36319.0
891,rna.EB34,"Mary, son of Dominick, grandson of Geoffrey",64,38,2.2555102040816535,35676.0
892,rna.EB9,"Seymour, son of Gerald, grandson of Mitchell",71,38,2.34857142857145,35986.0
893,rna.EB30,"Joshua, son of Francesca, grandson of Virginia",86,35,2.2848979591836938,34790.0
894,rna.EB45,"Reginald, son of Virginia, grandson of Montmorency",77,41,2.273469387755123,35904.0
895,rna.EB8,"Tamsin, son of Thomas, grandson of Spencer",81,39,2.234285714285735,36014.0
896,rna.EB33,"Victor, son of Charles, grandson of Victoria",74,38,2.2734693877551226,37232.0
897,rna.EB19,"Martin, son of Donald, grandson of Hilary",73,34,2.173061224489817,36112.0
898,rna.EB16,"Tobias, son of Augustus, grandson of Donald",73,31,2.246530612244918,45443.0
899,rna.EB6,"Alfred, son of Tobias, grandson of Augustus",68,40,2.241632653061245,44908.0
900,rna.EB10,"Kimberly, son of Abraham, grandson of Nichole",71,37,1.9869387755102232,44268.0
